ingredient,product_count,cat_에센스/세럼/앰플,ratio_에센스/세럼/앰플
정제수,247,247,1.0
글리세린,242,242,1.0
"1,2-헥산다이올",232,232,1.0
부틸렌글라이콜,223,223,1.0
나이아신아마이드,171,171,1.0
소듐하이알루로네이트,163,163,1.0
판테놀,147,147,1.0
하이드로제네이티드레시틴,138,138,1.0
프로판다이올,137,137,1.0
토코페롤,136,136,1.0
트로메타민,133,133,1.0
아데노신,132,132,1.0
잔탄검,132,132,1.0
다이소듐이디티에이,129,129,1.0
카보머,121,121,1.0
다이프로필렌글라이콜,114,114,1.0
펜틸렌글라이콜,111,111,1.0
알란토인,110,110,1.0
베타인,90,90,1.0
세라마이드엔피,82,82,1.0
카프릴릭/카프릭트라이글리세라이드,79,79,1.0
알지닌,78,78,1.0
베타-글루칸,76,76,1.0
시트릭애씨드,76,76,1.0
하이드롤라이즈드하이알루로닉애씨드,73,73,1.0
카프릴릴글라이콜,70,70,1.0
하이알루로닉애씨드,68,68,1.0
아크릴레이트/C10-30알킬아크릴레이트크로스폴리머,67,67,1.0
메틸프로판다이올,62,62,1.0
병풀추출물,61,61,1.0
폴리글리세릴-10라우레이트,61,61,1.0
스쿠알란,57,57,1.0
덱스트린,56,56,1.0
소듐하이알루로네이트크로스폴리머,52,52,1.0
마데카소사이드,49,49,1.0
소듐시트레이트,48,48,1.0
트레할로오스,48,48,1.0
다이포타슘글리시리제이트,47,47,1.0
암모늄아크릴로일다이메틸타우레이트/브이피코폴리머,47,47,1.0
아시아티코사이드,46,46,1.0
콜레스테롤,43,43,1.0
향료,43,43,1.0
아시아틱애씨드,40,40,1.0
인도멀구슬나무꽃추출물,40,40,1.0
인도멀구슬나무잎추출물,40,40,1.0
마데카식애씨드,40,40,1.0
하이드록시아세토페논,38,38,1.0
하이드록시프로필트라이모늄하이알루로네이트,38,38,1.0
소듐아세틸레이티드하이알루로네이트,38,38,1.0
소듐폴리아크릴레이트,34,34,1.0
소듐파이테이트,34,34,1.0
울금뿌리추출물,33,33,1.0
해바라기씨오일,33,33,1.0
글루타티온,33,33,1.0
참산호말추출물,33,33,1.0
글리세레스-26,32,32,1.0
리날룰,32,32,1.0
홀리바질잎추출물,31,31,1.0
세테아릴알코올,30,30,1.0
3-O-에틸아스코빅애씨드,30,30,1.0
프룩토올리고사카라이드,30,30,1.0
글루코오스,29,29,1.0
글리세릴아크릴레이트/아크릴릭애씨드코폴리머,29,29,1.0
스테아릭애씨드,29,29,1.0
폴리글리세릴-10올리에이트,29,29,1.0
하이드롤라이즈드소듐하이알루로네이트,29,29,1.0
리모넨,29,29,1.0
자일리톨,29,29,1.0
하이드록시에틸셀룰로오스,28,28,1.0
락토바실러스발효물,28,28,1.0
다이에톡시에틸석시네이트,27,27,1.0
아스코빅애씨드,26,26,1.0
소듐디엔에이,26,26,1.0
세린,25,25,1.0
폴리글리세릴-10스테아레이트,25,25,1.0
글루타믹애씨드,24,24,1.0
토코페릴아세테이트,24,24,1.0
포타슘하이알루로네이트,24,24,1.0
약모밀추출물,24,24,1.0
아세틸헥사펩타이드-8,23,23,1.0
하이드롤라이즈드콜라겐,23,23,1.0
스페인감초뿌리추출물,23,23,1.0
글리세릴스테아레이트,23,23,1.0
황금추출물,22,22,1.0
실리카,22,22,1.0
다이메티콘,22,22,1.0
글리세린-3,21,21,1.0
하이드록시에틸아크릴레이트/소듐아크릴로일다이메틸타우레이트코폴리머,21,21,1.0
글라이신,21,21,1.0
마카다미아씨오일,21,21,1.0
카카오추출물,21,21,1.0
메틸글루세스-20,21,21,1.0
시트로넬올,21,21,1.0
사이아노코발아민,21,21,1.0
글루코노락톤,21,21,1.0
카프릴릴/카프릴글루코사이드,21,21,1.0
소듐폴리아크릴로일다이메틸타우레이트,21,21,1.0
페룰릭애씨드,20,20,1.0
카페인,20,20,1.0
카퍼트라이펩타이드-1,20,20,1.0
락토바실러스발효용해물,20,20,1.0
폴리아크릴레이트크로스폴리머-6,20,20,1.0
제라니올,20,20,1.0
아이비고드열매추출물,20,20,1.0
변성알코올,19,19,1.0
레시틴,19,19,1.0
로즈마리잎오일,19,19,1.0
시어버터,19,19,1.0
병풀잎추출물,19,19,1.0
호호바씨오일,19,19,1.0
솔비탄아이소스테아레이트,18,18,1.0
글리세릴카프릴레이트,18,18,1.0
옥틸도데칸올,18,18,1.0
센티드제라늄꽃오일,18,18,1.0
피브이엠/엠에이코폴리머,18,18,1.0
팔미토일트라이펩타이드-1,18,18,1.0
만니톨,18,18,1.0
클로렐라 불가리스추출물,17,17,1.0
팔미토일테트라펩타이드-7,17,17,1.0
돌콩오일,17,17,1.0
프룩토오스,17,17,1.0
가지열매추출물,17,17,1.0
라벤더오일,17,17,1.0
녹차추출물,17,17,1.0
팔미틱애씨드,17,17,1.0
올리브오일,17,17,1.0
소듐아스코빌포스페이트,16,16,1.0
살리실릭애씨드,16,16,1.0
오렌지껍질오일,16,16,1.0
폴리글리세릴-3메틸글루코오스다이스테아레이트,16,16,1.0
소듐클로라이드,16,16,1.0
말토덱스트린,16,16,1.0
프롤린,16,16,1.0
폴리솔베이트20,16,16,1.0
하이드로제네이티드폴리아이소부텐,16,16,1.0
하이드롤라이즈드글라이코사미노글리칸,16,16,1.0
세틸에틸헥사노에이트,15,15,1.0
다이소듐포스페이트,15,15,1.0
징크피씨에이,15,15,1.0
폴리쿼터늄-51,15,15,1.0
알라닌,15,15,1.0
락틱애씨드,15,15,1.0
트라넥사믹애씨드,15,15,1.0
글리세릴폴리메타크릴레이트,15,15,1.0
히스티딘,15,15,1.0
세테아릴올리베이트,15,15,1.0
시트랄,15,15,1.0
아이소펜틸다이올,15,15,1.0
아이리쉬모스추출물,15,15,1.0
트라이에틸헥사노인,15,15,1.0
카카오씨추출물,14,14,1.0
바이오틴,14,14,1.0
글리세릴글루코사이드,14,14,1.0
비피다발효용해물,14,14,1.0
치자추출물,14,14,1.0
잇꽃꽃추출물,14,14,1.0
팔미토일펜타펩타이드-4,14,14,1.0
엑토인,14,14,1.0
트레오닌,14,14,1.0
폴리메틸실세스퀴옥세인,14,14,1.0
베르가모트오일,14,14,1.0
솔비탄올리베이트,14,14,1.0
아스파틱애씨드,14,14,1.0
팔미토일트라이펩타이드-5,14,14,1.0
소듐스테아로일글루타메이트,14,14,1.0
락토바실러스/콩발효추출물,14,14,1.0
알파-알부틴,13,13,1.0
셀룰로오스검,13,13,1.0
류신,13,13,1.0
자일리틸글루코사이드,13,13,1.0
페닐알라닌,13,13,1.0
라이신,13,13,1.0
메티오닌,13,13,1.0
폴리글루타믹애씨드,13,13,1.0
벤질글라이콜,13,13,1.0
피토스핑고신,13,13,1.0
솔비톨,13,13,1.0
아이소류신,13,13,1.0
발린,13,13,1.0
시스테인,12,12,1.0
타이로신,12,12,1.0
쇠비름추출물,12,12,1.0
모란뿌리추출물,12,12,1.0
데실글루코사이드,12,12,1.0
소듐락테이트,12,12,1.0
다마스크장미꽃수,12,12,1.0
하이드로제네이티드폴리데센,12,12,1.0
비닐다이메티콘,12,12,1.0
풀루란,12,12,1.0
아세틸글루코사민,12,12,1.0
메틸트라이메티콘,12,12,1.0
유채스테롤,12,12,1.0
하이드록시프로필사이클로덱스트린,12,12,1.0
바이오사카라이드검-1,12,12,1.0
"2,3-부탄다이올",12,12,1.0
피토스테롤,12,12,1.0
콜라겐,12,12,1.0
옥틸도데세스-16,12,12,1.0
무화과추출물,12,12,1.0
하이드롤라이즈드엘라스틴,11,11,1.0
글리세릴스테아레이트시트레이트,11,11,1.0
에탄올,11,11,1.0
안하이드로자일리톨,11,11,1.0
소듐하이드록사이드,11,11,1.0
흰버드나무껍질추출물,11,11,1.0
포트마리골드꽃추출물,11,11,1.0
라임전초오일,11,11,1.0
쑥잎추출물,11,11,1.0
다이페닐다이메티콘,11,11,1.0
멕시칸주니퍼오일,11,11,1.0
다시마추출물,11,11,1.0
수용성콜라겐,11,11,1.0
하이드록시에틸우레아,11,11,1.0
사탕수수추출물,11,11,1.0
알부틴,11,11,1.0
카프릴로일살리실릭애씨드,11,11,1.0
베헤닐알코올,11,11,1.0
프로필렌글라이콜,11,11,1.0
아스코빌글루코사이드,11,11,1.0
레티놀,10,10,1.0
트라이소듐이디티에이,10,10,1.0
비사보롤,10,10,1.0
참마뿌리추출물,10,10,1.0
포타슘솔베이트,10,10,1.0
다마스크장미꽃오일,10,10,1.0
프로폴리스추출물,10,10,1.0
솔비탄올리에이트,10,10,1.0
당근추출물,10,10,1.0
글라이코실트레할로오스,10,10,1.0
폴리솔베이트60,10,10,1.0
에스에이치-올리고펩타이드-1,9,9,1.0
폴리글리세릴-2다이폴리하이드록시스테아레이트,9,9,1.0
마트리카리아꽃추출물,9,9,1.0
지모뿌리추출물,9,9,1.0
한련초잎추출물,9,9,1.0
세라마이드에이피,9,9,1.0
류코노스톡/무발효여과물,9,9,1.0
트라이펩타이드-1,9,9,1.0
티트리잎추출물,9,9,1.0
소듐벤조에이트,9,9,1.0
젤란검,9,9,1.0
덱스트란,9,9,1.0
글라이코리피드,9,9,1.0
아이소노닐아이소노나노에이트,9,9,1.0
백미꽃추출물,9,9,1.0
에톡시다이글라이콜,9,9,1.0
소듐글루코네이트,9,9,1.0
C12-14알케스-12,9,9,1.0
아이소프로필미리스테이트,9,9,1.0
베타-카로틴,9,9,1.0
C12-13알케스-9,9,9,1.0
알로에베라꽃추출물,9,9,1.0
폴리아이소부텐,9,9,1.0
하이드로제네이티드스타치하이드롤리세이트,9,9,1.0
소듐아크릴레이트/소듐아크릴로일다이메틸타우레이트코폴리머,9,9,1.0
말라카이트추출물,9,9,1.0
아라키딜글루코사이드,9,9,1.0
수크로오스스테아레이트,9,9,1.0
판토테닉애씨드,8,8,1.0
다이메틸실란올하이알루로네이트,8,8,1.0
띠뿌리추출물,8,8,1.0
에리스리톨,8,8,1.0
황련뿌리추출물,8,8,1.0
에틸헥실팔미테이트,8,8,1.0
세라마이드이오피,8,8,1.0
로즈마리잎추출물,8,8,1.0
티트리잎오일,8,8,1.0
유칼립투스잎추출물,8,8,1.0
4-터피네올,8,8,1.0
C14-22알코올,8,8,1.0
사카라이드아이소머레이트,8,8,1.0
사과추출물,8,8,1.0
다이메틸아이소소바이드,8,8,1.0
비타민나무열매추출물,8,8,1.0
메도우폼씨오일,8,8,1.0
당느릅나무뿌리추출물,8,8,1.0
콜라겐추출물,8,8,1.0
헥사펩타이드-9,8,8,1.0
밤껍질추출물,8,8,1.0
스핑고모나스발효추출물,8,8,1.0
페닐트라이메티콘,8,8,1.0
소듐피씨에이,8,8,1.0
올레익애씨드,8,8,1.0
포타슘포스페이트,8,8,1.0
글라이콜릭애씨드,8,8,1.0
꿀추출물,7,7,1.0
에스에이치-폴리펩타이드-1,7,7,1.0
소듐포스페이트,7,7,1.0
피이지-40하이드로제네이티드캐스터오일,7,7,1.0
마그네슘클로라이드,7,7,1.0
아세틸테트라펩타이드-11,7,7,1.0
비에이치티,7,7,1.0
티옥틱애씨드,7,7,1.0
세라마이드엔에스,7,7,1.0
타임잎추출물,7,7,1.0
석시닉애씨드,7,7,1.0
페녹시에탄올,7,7,1.0
바쿠치올,7,7,1.0
호장근뿌리추출물,7,7,1.0
암모늄폴리아크릴로일다이메틸타우레이트,7,7,1.0
포타슘하이드록사이드,7,7,1.0
수크로오스,7,7,1.0
귀리커넬추출물,7,7,1.0
폴리글리세릴-6라우레이트,7,7,1.0
피이지-30다이폴리하이드록시스테아레이트,7,7,1.0
아가,7,7,1.0
수크로오스팔미테이트,7,7,1.0
효모발효여과물,7,7,1.0
레스베라트롤,7,7,1.0
드럼스틱씨오일,7,7,1.0
소듐메타포스페이트,7,7,1.0
피피지-13-데실테트라데세스-24,7,7,1.0
테트라데실아미노부티로일발릴아미노부티릭우레아트라이플루오로아세테이트,7,7,1.0
펜타에리스리틸테트라에틸헥사노에이트,6,6,1.0
알로에베라잎즙,6,6,1.0
바오밥나무씨오일,6,6,1.0
다이펩타이드다이아미노부티로일벤질아마이드다이아세테이트,6,6,1.0
글라이코스핑고리피드,6,6,1.0
니코틴아마이드모노뉴클레오타이드,6,6,1.0
메틸다이아이소프로필프로피온아마이드,6,6,1.0
하이드롤라이즈드디엔에이,6,6,1.0
폴리글리세릴-3다이아이소스테아레이트,6,6,1.0
포타슘클로라이드,6,6,1.0
세라마이드에이에스,6,6,1.0
칼슘클로라이드,6,6,1.0
한련초추출물,6,6,1.0
포타슘세틸포스페이트,6,6,1.0
접시꽃추출물,6,6,1.0
편백잎추출물,6,6,1.0
칸디다 봄비콜라/글루코오스/메틸레이프씨데이트발효물,6,6,1.0
다이메티콘올,6,6,1.0
소듐헤파린,6,6,1.0
다마스크장미꽃추출물,6,6,1.0
폴스애플민트잎추출물,6,6,1.0
라우릴글루코사이드,6,6,1.0
티트리추출물,6,6,1.0
도둑놈의지팡이뿌리추출물,6,6,1.0
티타늄디옥사이드,6,6,1.0
식물성스쿠알란,6,6,1.0
미리스틸글루코사이드,6,6,1.0
녹차수,6,6,1.0
비스-피이지-18메틸에터다이메틸실레인,6,6,1.0
캐모마일꽃오일,6,6,1.0
C12-20알킬글루코사이드,6,6,1.0
카르노신,6,6,1.0
카프릴릴메티콘,6,6,1.0
비파나무잎추출물,6,6,1.0
별꽃추출물,6,6,1.0
소듐하이알루로네이트다이메틸실란올,6,6,1.0
니코틴아마이드아데닌다이뉴클레오타이드,6,6,1.0
칡뿌리추출물,6,6,1.0
리놀레익애씨드,6,6,1.0
피토스테릴/베헤닐/옥틸도데실라우로일글루타메이트,6,6,1.0
노나펩타이드-1,6,6,1.0
작약뿌리추출물,6,6,1.0
아라키딜알코올,6,6,1.0
클레리오일,6,6,1.0
포스파티딜콜린,6,6,1.0
이눌린라우릴카바메이트,5,5,1.0
다이펩타이드-2,5,5,1.0
커피콩추출물,5,5,1.0
다이메티콘/비닐다이메티콘크로스폴리머,5,5,1.0
효모/보리씨발효여과물,5,5,1.0
로우스위트블루베리추출물,5,5,1.0
하이드롤라이즈드해면,5,5,1.0
코코-카프릴레이트/카프레이트,5,5,1.0
로즈힙열매추출물,5,5,1.0
티아민에이치씨엘,5,5,1.0
효모/감자추출물발효여과물,5,5,1.0
고삼뿌리추출물,5,5,1.0
유비퀴논,5,5,1.0
스피어민트추출물,5,5,1.0
폴리글리세릴-4카프레이트,5,5,1.0
달맞이꽃꽃추출물,5,5,1.0
퀸즈랜드넛오일,5,5,1.0
팔미토일트라이펩타이드-8,5,5,1.0
우레아,5,5,1.0
데이지꽃추출물,5,5,1.0
피이지-100스테아레이트,5,5,1.0
하이드로제네이티드폴리,5,5,1.0
불가리스쑥오일,5,5,1.0
광곽향오일,5,5,1.0
폴리글리세릴-10미리스테이트,5,5,1.0
수크로오스다이스테아레이트,5,5,1.0
글리세릴올리에이트,5,5,1.0
다이부틸아디페이트,5,5,1.0
산양삼추출물,5,5,1.0
아세틸테트라펩타이드-3,5,5,1.0
다이카프릴릴카보네이트,5,5,1.0
녹차씨오일,5,5,1.0
폴리글루쿠로닉애씨드,5,5,1.0
락토코쿠스발효용해물,5,5,1.0
에스에이치-데카펩타이드-7,5,5,1.0
에스에이치-옥타펩타이드-4,5,5,1.0
사과씨추출물,5,5,1.0
오일팜오일,5,5,1.0
에스에이치-올리고펩타이드-9,5,5,1.0
에스에이치-펜타펩타이드-19,5,5,1.0
헥실데칸올,5,5,1.0
아모다이메티콘,5,5,1.0
레몬밤잎추출물,5,5,1.0
석류추출물,5,5,1.0
솔비탄세스퀴올리에이트,5,5,1.0
적색산화철,5,5,1.0
낫토검,5,5,1.0
카르니틴,5,5,1.0
버지니아풍년화추출물,5,5,1.0
타우린,5,5,1.0
올리고펩타이드-1,5,5,1.0
마그네슘아스코빌포스페이트,5,5,1.0
옥수수전분,5,5,1.0
감나무잎추출물,5,5,1.0
베타인살리실레이트,5,5,1.0
아라비아고무나무검,5,5,1.0
로즈마리잎수,5,5,1.0
레몬밤꽃/잎/줄기수,5,5,1.0
아스코빌팔미테이트,5,5,1.0
트라이소듐에틸렌다이아민다이석시네이트,5,5,1.0
베타-시토스테롤,5,5,1.0
양파추출물,5,5,1.0
에칠아스코빌에텔,5,5,1.0
소듐다이라우미도글루타미드라이신,5,5,1.0
흰목이버섯추출물,5,5,1.0
셀룰로오스,5,5,1.0
구아이아줄렌,5,5,1.0
하이드록시피나콜론레티노에이트,5,5,1.0
지황뿌리추출물,4,4,1.0
비피다발효여과물,4,4,1.0
비타민나무수,4,4,1.0
유칼립투스잎오일,4,4,1.0
베르가모트잎추출물,4,4,1.0
라즈베리케톤,4,4,1.0
글리세릴스테아레이트에스이,4,4,1.0
소나무잎추출물,4,4,1.0
카라기난,4,4,1.0
알로에베라잎추출물,4,4,1.0
폴릭애씨드,4,4,1.0
비니거,4,4,1.0
소엽맥문동뿌리추출물,4,4,1.0
포도추출물,4,4,1.0
리놀레닉애씨드,4,4,1.0
아크릴레이트/암모늄메타크릴레이트코폴리머,4,4,1.0
감초뿌리추출물,4,4,1.0
포도씨오일,4,4,1.0
캐모마일꽃추출물,4,4,1.0
효모발효추출물,4,4,1.0
하이드록시프로필비스팔미타마이드엠이에이,4,4,1.0
발삼아미리스껍질오일,4,4,1.0
육계나무껍질추출물,4,4,1.0
소듐트라이메타포스페이트,4,4,1.0
하이드록시데실유비퀴논,4,4,1.0
사이클로덱스트린,4,4,1.0
솔비탄스테아레이트,4,4,1.0
피리독신,4,4,1.0
잇꽃씨오일,4,4,1.0
레몬껍질오일,4,4,1.0
메나다이온,4,4,1.0
레티닐팔미테이트,4,4,1.0
하이드롤라이즈드식물성단백질,4,4,1.0
서양송악잎/줄기추출물,4,4,1.0
하이드롤라이즈드익스텐신,4,4,1.0
연꽃뿌리추출물,4,4,1.0
수용성프로테오글리칸,4,4,1.0
바실러스발효물,4,4,1.0
피씨에이,4,4,1.0
t-부틸알코올,4,4,1.0
라우릭애씨드,4,4,1.0
소듐메타바이설파이트,4,4,1.0
사과세포배양추출물,4,4,1.0
에스에이치-폴리펩타이드-121,4,4,1.0
피브이피,4,4,1.0
티트리잎수,4,4,1.0
아세틸글루타민,4,4,1.0
트립토판,4,4,1.0
헵타소듐헥사카복시메틸다이펩타이드-12,4,4,1.0
아세틸테트라펩타이드-2,4,4,1.0
소듐메틸스테아로일타우레이트,4,4,1.0
마그네슘설페이트,4,4,1.0
글루코실루틴,4,4,1.0
더덕뿌리추출물,4,4,1.0
하이드록시페닐프로파미도벤조익애씨드,4,4,1.0
붉은토끼풀꽃추출물,4,4,1.0
에스에이치-올리고펩타이드-2,4,4,1.0
에스에이치-폴리펩타이드-3,4,4,1.0
프룩탄,4,4,1.0
폴리글리세릴-3다이스테아레이트,4,4,1.0
에스에이치-폴리펩타이드-22,4,4,1.0
아데노신트라이포스페이트,4,4,1.0
토마토추출물,4,4,1.0
대왕소나무잎추출물,4,4,1.0
카라멜,4,4,1.0
헥실렌글라이콜,4,4,1.0
인디안구스베리열매추출물,4,4,1.0
페네틸알코올,4,4,1.0
스타아니스추출물,4,4,1.0
아세틸테트라펩타이드-5,4,4,1.0
알진,4,4,1.0
검은뽕나무열매추출물,4,4,1.0
트록세루틴,4,4,1.0
멜라토닌,4,4,1.0
글루타민,4,4,1.0
아스파라진,4,4,1.0
트라이아이소스테아린,3,3,1.0
케이프알로에잎추출물,3,3,1.0
병풀뿌리추출물,3,3,1.0
하이드로제네이티드식물성오일,3,3,1.0
만노오스,3,3,1.0
라즈베리잎추출물,3,3,1.0
오카무라큰실말추출물,3,3,1.0
카카두플럼추출물,3,3,1.0
아스타잔틴,3,3,1.0
포도세포추출물,3,3,1.0
베헤닉애씨드,3,3,1.0
람노오스,3,3,1.0
옥수수커넬추출물,3,3,1.0
소듐바이카보네이트,3,3,1.0
트라이펩타이드-3,3,3,1.0
알파-비사보롤,3,3,1.0
프랑스해안송껍질추출물,3,3,1.0
스피어민트잎오일,3,3,1.0
폴리글리세릴-4라우레이트,3,3,1.0
호동씨오일,3,3,1.0
폴리글리세릴-10다이아이소스테아레이트,3,3,1.0
아스코빅애씨드폴리펩타이드,3,3,1.0
바위손추출물,3,3,1.0
티몰트라이메톡시신나메이트,3,3,1.0
폴리메틸메타크릴레이트,3,3,1.0
미나리추출물,3,3,1.0
올리고펩타이드-2,3,3,1.0
개박하추출물,3,3,1.0
올레아놀릭애씨드,3,3,1.0
아세틸옥타펩타이드-3,3,3,1.0
다이펩타이드-4,3,3,1.0
스클레로튬검,3,3,1.0
하늘타리뿌리추출물,3,3,1.0
인삼추출물,3,3,1.0
온천수,3,3,1.0
하이드롤라이즈드옥수수전분,3,3,1.0
팔미토일헥사펩타이드-12,3,3,1.0
메도우스위트꽃추출물,3,3,1.0
메틸렌다이옥시페닐메틸프로판알,3,3,1.0
폴리글리세릴-4올리에이트,3,3,1.0
삽주뿌리줄기추출물,3,3,1.0
하이드록시에틸피페라진에탄설포닉애씨드,3,3,1.0
마시멜로뿌리추출물,3,3,1.0
엘라스틴,3,3,1.0
레틴알,3,3,1.0
글라이코사미노글리칸,3,3,1.0
소듐서팩틴,3,3,1.0
유칼립톨,3,3,1.0
달맞이꽃오일,3,3,1.0
에틸리날룰,3,3,1.0
메틸다이하이드로자스모네이트,3,3,1.0
에틸렌브라실레이트,3,3,1.0
리날릴아세테이트,3,3,1.0
전호추출물,3,3,1.0
라미나리아 오크롤레우카추출물,3,3,1.0
2-t-부틸사이클로헥실아세테이트,3,3,1.0
콜라겐아미노산,3,3,1.0
삼색제비꽃추출물,3,3,1.0
클로헥시딘디글루코네이트,3,3,1.0
판토락톤,3,3,1.0
대추추출물,3,3,1.0
C12-14파레스-12,3,3,1.0
스테아레스-20,3,3,1.0
자몽껍질오일,3,3,1.0
오이열매추출물,3,3,1.0
와일드인디고뿌리추출물,3,3,1.0
이노시톨,3,3,1.0
레이디스맨틀잎추출물,3,3,1.0
미리스틱애씨드,3,3,1.0
키토산,3,3,1.0
화이트루핀씨추출물,3,3,1.0
헤스페리딘메틸칼콘,3,3,1.0
라즈베리추출물,3,3,1.0
시트로넬올※,3,3,1.0
3-헥센올,3,3,1.0
칼슘판토테네이트,3,3,1.0
"2,4-다이메틸-3-사이클로헥신카복스알데하이드",3,3,1.0
비치스트로베리추출물,3,3,1.0
헥세닐아세테이트,3,3,1.0
겨우살이추출물,3,3,1.0
지치뿌리추출물,3,3,1.0
클로페네신,3,3,1.0
효모추출물,3,3,1.0
미리스토일펜타펩타이드-17,3,3,1.0
아틀라스시다나무껍질오일,3,3,1.0
솔비탄라우레이트,3,3,1.0
마이크로크리스탈린셀룰로오스,3,3,1.0
콜레스-24,3,3,1.0
글리시레티닉애씨드,3,3,1.0
연필향나무오일,3,3,1.0
서양배추출물,3,3,1.0
석시노글리칸,3,3,1.0
트라이데세스-6,3,3,1.0
합성플루오르플로고파이트,3,3,1.0
탄닉애씨드,3,3,1.0
소듐아크릴릭애씨드/엠에이코폴리머,3,3,1.0
하이드로제네이티드포스파티딜콜린,3,3,1.0
피이지/피피지-17/6코폴리머,3,3,1.0
호호바왁스피이지-120에스터,3,3,1.0
소듐올리에이트,3,3,1.0
피이지-7글리세릴코코에이트,3,3,1.0
프로필렌글라이콜알지네이트,3,3,1.0
오크라열매추출물,3,3,1.0
에피갈로카테킨갈레이트,3,3,1.0
헤스페리딘,3,3,1.0
리보플라빈,3,3,1.0
아르간커넬오일,3,3,1.0
편백수,3,3,1.0
라피노오스,3,3,1.0
서양산딸기잎추출물,3,3,1.0
제로틴/하이드롤라이즈드디엔에이,3,3,1.0
피이지-6,3,3,1.0
글리세릴폴리아크릴레이트,3,3,1.0
카바카바잎/뿌리/줄기추출물,3,3,1.0
포도씨추출물,3,3,1.0
인삼열매추출물,3,3,1.0
라이소레시틴,3,3,1.0
플로레틴,3,3,1.0
드럼스틱씨추출물,3,3,1.0
올리브나무잎추출물,3,3,1.0
쌀발효여과물,3,3,1.0
아세틸다이펩타이드-1세틸에스터,3,3,1.0
아스코빌테트라이소팔미테이트,3,3,1.0
리솔레시틴,3,3,1.0
징크옥사이드,3,3,1.0
코질메틸렌다이옥시신나메이트,3,3,1.0
캐스터오일/아이피디아이코폴리머,3,3,1.0
에스에이치-폴리펩타이드-62,3,3,1.0
호박가루,3,3,1.0
초피나무열매추출물,3,3,1.0
마이카,3,3,1.0
피이지-60 하이드로제네이티드캐스터오일,3,3,1.0
복사나무꽃추출물,3,3,1.0
에스알-,3,3,1.0
미리스토일펜타펩타이드-4,3,3,1.0
에스에이치-폴리펩타이드-11,3,3,1.0
돌콩펩타이드,3,3,1.0
에스에이치-폴리펩타이드-9,3,3,1.0
에스에이치-폴리펩타이드-16,3,3,1.0
틴옥사이드,3,3,1.0
트라이펩타이드-32,3,3,1.0
신선초추출물,3,3,1.0
소듐팔미토일사코시네이트,3,3,1.0
아텔로콜라겐,3,3,1.0
몰로키아잎추출물,3,3,1.0
우릭애씨드,2,2,1.0
갈로일펜타펩타이드-33,2,2,1.0
크레아틴,2,2,1.0
"비스-에톡시다이글라이콜사이클로헥산1,4-다이카복실레이트",2,2,1.0
카프릴로일다이펩타이드-17,2,2,1.0
카페오일트라이펩타이드-1,2,2,1.0
코질카복시다이펩타이드-23,2,2,1.0
팔미토일다이펩타이드-5다이아미노부틸로일하이드록시트레오닌,2,2,1.0
카퍼글루코네이트,2,2,1.0
트라이하이드록시스테아린,2,2,1.0
펜타에리스리틸테트라-다이-t-부틸하이드록시하이드로신나메이트,2,2,1.0
니코틴아마이드모노뉴클레오이드,2,2,1.0
헥사펩타이드-2,2,2,1.0
바이오티노일트라이펩타이드-1,2,2,1.0
마그네슘글루코네이트,2,2,1.0
글리세릴리놀리에이트,2,2,1.0
카페오일에스에이치-옥타펩타이드-4,2,2,1.0
칼슘글루코네이트,2,2,1.0
헥사펩타이드-11,2,2,1.0
펜타펩타이드-18,2,2,1.0
바실러스/폴릭애씨드/돌콩발효추출물,2,2,1.0
카페오일헥사펩타이드-65,2,2,1.0
에난티아 클로란타껍질추출물,2,2,1.0
소듐글리세로포스페이트,2,2,1.0
쌀겨오일,2,2,1.0
올리고펩타이드-3,2,2,1.0
포타슘마그네슘아스파테이트,2,2,1.0
만델릭애씨드,2,2,1.0
다이메티콘크로스폴리머,2,2,1.0
버지니아풍년화수,2,2,1.0
옥타펩타이드-7,2,2,1.0
동백나무씨오일,2,2,1.0
살비아추출물,2,2,1.0
산수유열매추출물,2,2,1.0
효모/띠뿌리발효추출물,2,2,1.0
효모/겨우살이발효추출물,2,2,1.0
쌀추출물,2,2,1.0
해마토코쿠스 플루비알리스오일,2,2,1.0
글라이코프로테인,2,2,1.0
냉초추출물,2,2,1.0
더위지기추출물,2,2,1.0
사코신,2,2,1.0
하이드록시프로필구아,2,2,1.0
파파야열매추출물,2,2,1.0
필리핀오렌지껍질오일,2,2,1.0
소듐콘드로이틴설페이트,2,2,1.0
쇠뜨기추출물,2,2,1.0
포타슘크로라이드,2,2,1.0
붉나무충영추출물,2,2,1.0
테레프탈릴리덴디캠퍼설포닉애씨드,2,2,1.0
세테아릴글루코사이드,2,2,1.0
아미노에탄설피닉애씨드,2,2,1.0
진흙버섯추출물,2,2,1.0
에칠헥실트리아존,2,2,1.0
하수오뿌리추출물,2,2,1.0
효모/구리발효물,2,2,1.0
효모/철발효물,2,2,1.0
효모/마그네슘발효물,2,2,1.0
아이리쉬모스가루,2,2,1.0
효모/실리콘발효물,2,2,1.0
효모/아연발효물,2,2,1.0
니코티노일트라이펩타이드-1,2,2,1.0
세틸포스페이트,2,2,1.0
에스에이치-데카펩타이드-9,2,2,1.0
수크로오스라우레이트,2,2,1.0
팥추출물,2,2,1.0
바나나추출물,2,2,1.0
소듐하이알루 로네이트크로스폴리머,2,2,1.0
마트리카리아추출물,2,2,1.0
구기자추출물,2,2,1.0
인동덩굴꽃추출물,2,2,1.0
펜타에리스리틸테트라아이소스테아레이트,2,2,1.0
로즈마리추출물,2,2,1.0
마트리카리아꽃/잎추출물,2,2,1.0
감추출물,2,2,1.0
소듐아세틸레이티드하이알 루로네이트,2,2,1.0
아미노메틸프로판다이올,2,2,1.0
제비꽃꽃추출물,2,2,1.0
사탕무뿌리추출물,2,2,1.0
창포뿌리추출물,2,2,1.0
효모/자일리눔/홍차발효물,2,2,1.0
세틸알코올,2,2,1.0
사포닌,2,2,1.0
글리세린-3크로스폴리머,2,2,1.0
복숭아추출물,2,2,1.0
살비아잎추출물,2,2,1.0
해수,2,2,1.0
하이드롤라이즈드치자추출물,2,2,1.0
보론나이트라이드,2,2,1.0
구아검,2,2,1.0
워터민트추출물,2,2,1.0
보리지씨오일,2,2,1.0
소듐하이알루로 네이트,2,2,1.0
파네솔,2,2,1.0
하이알 루로닉애씨드,2,2,1.0
하이드롤라이즈드소듐하이알루로네이 트,2,2,1.0
하이드롤라이즈드맥아추출물,2,2,1.0
미역추출물,2,2,1.0
하이드롤라이즈드삼색제비꽃추출물,2,2,1.0
벤질살리실레이트,2,2,1.0
벤질벤조에이트,2,2,1.0
글리세레스-25피씨에이아이소스테아레이트,2,2,1.0
포스포리피드,2,2,1.0
폴리우레탄-15,2,2,1.0
은행추출물,2,2,1.0
생강추출물,2,2,1.0
하이드록시프롤린,2,2,1.0
편백오일,2,2,1.0
서양톱풀추출물,2,2,1.0
암모늄아크릴로일다이메틸타우레이트/베헤네스-25메타크라일레이트 크로스폴리머,2,2,1.0
포타슘코코일글리시네이트,2,2,1.0
폴리아크릴레이트-13,2,2,1.0
글라이콜다이스테아레이트,2,2,1.0
멕시칸치아씨추출물,2,2,1.0
하이드레이티드실리카,2,2,1.0
하이드롤 라이즈드치자추출물,2,2,1.0
하이알루로닉 애씨드,2,2,1.0
소듐메타 포스페이트,2,2,1.0
피피지-13 -데실테트라데세스-24,2,2,1.0
폴리실리콘-11,2,2,1.0
락토바실러스,2,2,1.0
소듐아크릴레이트크로스폴리머-2,2,2,1.0
폴리쿼터늄-7,2,2,1.0
녹차씨추출물,2,2,1.0
트라이데세스-10,2,2,1.0
스테아릴글리시레티네이트,2,2,1.0
버지니아풍년화잎추출물,2,2,1.0
아세틸테트라펩타이드-9,2,2,1.0
바오밥나무씨추출물,2,2,1.0
소엽잎추출물,2,2,1.0
포트마리골드추출물,2,2,1.0
하이드록시메톡시페닐데카논,2,2,1.0
쿼세틴,2,2,1.0
소듐아크릴레이트/비닐알코올코폴리머,2,2,1.0
포도덩굴수액,2,2,1.0
빙하수,2,2,1.0
알지닌/라이신폴리펩타이드,2,2,1.0
C18-21알케인,2,2,1.0
트라이펩타이드-10시트룰린,2,2,1.0
자일로오스,2,2,1.0
토마추출물,2,2,1.0
수용성엘라스틴,2,2,1.0
헥사펩타이드-12,2,2,1.0
팔미토일트라이펩타이드-38,2,2,1.0
트라이프로필렌글라이콜,2,2,1.0
멜론추출물,2,2,1.0
리날룰 *표시: belif original formula +표시: 식물 유래 향,2,2,1.0
오리스뿌리추출물,2,2,1.0
피이지-8,2,2,1.0
사카라이드하이드롤리세이트,2,2,1.0
황해쑥잎수,2,2,1.0
하이드록시프로필스타치포스페이트,2,2,1.0
라이코펜,2,2,1.0
영지버섯추출물,2,2,1.0
실리카다이메틸실릴레이트,2,2,1.0
세테아레스-20,2,2,1.0
아티초크잎추출물,2,2,1.0
실버위드추출물,2,2,1.0
삼백초추출물,2,2,1.0
수련추출물,2,2,1.0
토마토수,2,2,1.0
유용성감초추출물,2,2,1.0
피브로넥틴,2,2,1.0
토마토즙,2,2,1.0
토마토열매/잎/줄기추출물,2,2,1.0
오레가노잎추출물,2,2,1.0
콥티스뿌리추출물,2,2,1.0
다이소듐스테아로일글루타메이트,2,2,1.0
서인도체리열매추출물,2,2,1.0
브로멜라인,2,2,1.0
아라키딕애씨드,2,2,1.0
이눌린,2,2,1.0
폴리글리세릴-10아이소스테아레이트,2,2,1.0
마누카잎추출물,2,2,1.0
다이펩타이드-15,2,2,1.0
다이스타치포스페이트,2,2,1.0
라우로일라이신,2,2,1.0
다이하이드로미리세틴,2,2,1.0
라벤더꽃추출물,2,2,1.0
다이에틸헥실시링질리덴말로네이트,2,2,1.0
돌콩배아추출물,2,2,1.0
트라이데케인,2,2,1.0
운데케인,2,2,1.0
암모늄아크릴로일다이메틸타우레이트/브이피코폴 리머,2,2,1.0
라이신에이치씨엘,2,2,1.0
벤조트라이아졸릴도데실p-크레솔,2,2,1.0
베티버뿌리오일,2,2,1.0
세트리모늄브로마이드,2,2,1.0
올리고펩타이드-68,2,2,1.0
피피지-26-부테스-26,2,2,1.0
홍삼추출물,2,2,1.0
아세틸헥사펩타이드-1,2,2,1.0
사발팜열매추출물,2,2,1.0
하이드롤라이즈드호호바에스터,2,2,1.0
프로필헵틸카프릴레이트,2,2,1.0
에스에이치-올리 고펩타이드-1,2,2,1.0
에델바이스캘러스배양추출물,2,2,1.0
제라니올※ ※식물유래 에센셜오일 자체에 원래 포함된 성분,2,2,1.0
로우스 위트블루베리추출물,2,2,1.0
솔비탄세스퀴올리에이 트,2,2,1.0
다발방패버섯추출물,2,2,1.0
클로페네 신,2,2,1.0
복숭아수,2,2,1.0
멕시칸치아씨오일,2,2,1.0
멘톡시프로판다이올,2,2,1.0
마트리카리아꽃수,2,2,1.0
향부자추출물,2,2,1.0
연교추출물,2,2,1.0
세라마이드3,2,2,1.0
세라마이드2,2,2,1.0
효모발효물,2,2,1.0
세라마이드1,2,2,1.0
라반딘오일,2,2,1.0
하이드롤라이즈드알진,2,2,1.0
겔리듐 카르틸라기네움추출물,2,2,1.0
일랑일랑꽃오일,2,2,1.0
톳추출물,2,2,1.0
폴리글리세릴-6카프릴레이트,2,2,1.0
T-부틸알코올,2,2,1.0
갈락토미세스발효여과물,2,2,1.0
서양민들레잎추출물,2,2,1.0
원추리꽃추출물,2,2,1.0
매실추출물,2,2,1.0
호두추출물,2,2,1.0
연꽃추출물,2,2,1.0
페퍼민트잎추출물,2,2,1.0
둥굴레뿌리줄기추출물,2,2,1.0
마돈나백합비늘줄기추출물,2,2,1.0
소듐카보머,2,2,1.0
꿀,2,2,1.0
카프릴릴/카프릭트라이글리세라이드,2,2,1.0
사이클로펜타실록세인,2,2,1.0
아이소헥사데칸,2,2,1.0
폴리솔베이트80,2,2,1.0
캐롭검,2,2,1.0
무수자일리톨,2,2,1.0
글리세릴아라키도네이트,2,2,1.0
글리세릴리놀리네이트,2,2,1.0
소르빅애씨드,2,2,1.0
복숭아씨추출물,2,2,1.0
질경이추출물,2,2,1.0
트루로즈오브예리코추출물,2,2,1.0
하이드록시프로필메틸셀룰로오스,2,2,1.0
왜당귀뿌리추출물,2,2,1.0
징크글루코네이트,2,2,1.0
에스에이치-폴리펩타이드-19,2,2,1.0
크랜베리추출물,2,2,1.0
밤부사 불가리스수,2,2,1.0
팔미토일펜타펩타이드-5,2,2,1.0
니코티노일다이펩타이드-23,2,2,1.0
벤조익애씨드,2,2,1.0
티트리꽃/잎/줄기추출물,2,2,1.0
금,2,2,1.0
에스에이치-폴리펩타이드-123,2,2,1.0
당호박추출물,2,2,1.0
피마자씨오일,2,2,1.0
다이펜타에리스리틸헥사C5-9애씨드에스터,2,2,1.0
양까막까치밥나무열매추출물,2,2,1.0
풀러린,2,2,1.0
왕귤껍질오일,2,2,1.0
빌베리열매추출물,2,2,1.0
흰서양송로추출물,2,2,1.0
황색4호,2,2,1.0
리씨열매오일,1,1,1.0
밤보늬추출물,1,1,1.0
올레스-3포스페이트,1,1,1.0
꿀풀추출물,1,1,1.0
소듐알엔에이,1,1,1.0
블래더랙추출물,1,1,1.0
바추잎잎추출물,1,1,1.0
초피나무열매오일,1,1,1.0
C12-13파레스-9,1,1,1.0
하이드롤라이즈드스클레로튬검,1,1,1.0
스타이렌/아크릴레이트코폴리머,1,1,1.0
징크클로라이드,1,1,1.0
에르고티오네인,1,1,1.0
판테틴,1,1,1.0
콩폴리펩타이드,1,1,1.0
폴리글리세 릴-10라우레이트,1,1,1.0
아크 릴레이트/C10-30알킬아크릴레이트크로스폴리머,1,1,1.0
하이드록시프로필트라이모늄 하이알루로네이트,1,1,1.0
소듐하이알루로네이트크로스 폴리머,1,1,1.0
오렌지꽃오일,1,1,1.0
세테아릴아이소노나노에이트,1,1,1.0
올레스-3,1,1,1.0
올레스-5,1,1,1.0
동충하초추출물,1,1,1.0
밀리타리스동충하초추출물,1,1,1.0
폴리하이드록시스테아릭애씨드,1,1,1.0
참당귀뿌리추출물,1,1,1.0
각시둥굴레뿌리줄기/뿌리추출물,1,1,1.0
천문동뿌리추출물,1,1,1.0
글리세레스-20,1,1,1.0
시로미열매즙,1,1,1.0
피이지-10레이프씨드스테롤,1,1,1.0
피이지-150,1,1,1.0
데사미도콜라겐,1,1,1.0
윈터체리뿌리추출물,1,1,1.0
펜타에리스리틸테트라-다이-T-부틸하이드록시하이드로신나메이트,1,1,1.0
육두구추출물,1,1,1.0
메틸글루코오스세스퀴스테아레이트,1,1,1.0
목서꽃추출물,1,1,1.0
치자나무꽃추출물,1,1,1.0
코코넛야자오일,1,1,1.0
다이포타슘포스페이트,1,1,1.0
프로콜라겐,1,1,1.0
수국잎추출물,1,1,1.0
육두구커넬오일,1,1,1.0
아이슬란드이끼추출물,1,1,1.0
베르가못잎추출물,1,1,1.0
피톨,1,1,1.0
스트로브잣나무껍질추출물,1,1,1.0
하이드롤라이즈드하이 알루로닉애씨드,1,1,1.0
아이소도데케인,1,1,1.0
옥수수잎추출물,1,1,1.0
세라 마이드엔피,1,1,1.0
불가리스매자열매추출물,1,1,1.0
뽕나무뿌리추출물,1,1,1.0
소듐올레오일하이알루로네이트,1,1,1.0
나이아신아마이드3),1,1,1.0
소듐설페이티드하이알루로네이트,1,1,1.0
트라넥사믹애씨드3),1,1,1.0
하이드롤라이즈드칼슘하이알루로네이트,1,1,1.0
트라이펩타이드-2,1,1,1.0
하이드롤라이즈드루핀단백질,1,1,1.0
실크수,1,1,1.0
덱스판테놀,1,1,1.0
폴록사머407,1,1,1.0
석시닉애씨드2),1,1,1.0
소듐디엔에이1),1,1,1.0
알지닌/라이신폴리펩타이드2),1,1,1.0
하이드롤라이즈드해면2),1,1,1.0
아세틸글루코사만,1,1,1.0
폴리,1,1,1.0
병풀잎수,1,1,1.0
알지닌2),1,1,1.0
소듐팔미토일프롤린,1,1,1.0
팔리토일트라이펩타이드-5,1,1,1.0
스위트아몬드오일,1,1,1.0
크산토필,1,1,1.0
복사나무잎추출물,1,1,1.0
은행나무잎추출물,1,1,1.0
오미자수,1,1,1.0
펩타이드201.1ppm,1,1,1.0
칼슘알지네이트,1,1,1.0
트라이플루오로아세틸트라이펩타이드-2,1,1,1.0
소듐스테아로일하이알루로네이트,1,1,1.0
디스타치포스페이트,1,1,1.0
뽕나무열매추출물,1,1,1.0
정제수 잔탄검,1,1,1.0
콜라나무씨추출물,1,1,1.0
트리펩타이드-32,1,1,1.0
비타민나무추출물,1,1,1.0
프로필갈레이트,1,1,1.0
글리세린 프로판다이올 나이아신아마이드 락틱애씨드 하이드록시에틸피페라진에탄설포닉애씨드 하이드록시아세토페논 소듐하이드록사이드 하이드록시프로필구아 살리실릭애씨드 파이틱애씨드,1,1,1.0
소듐나프탈렌설포네이트,1,1,1.0
세테스-24,1,1,1.0
피이지-75,1,1,1.0
포도덩굴추출물,1,1,1.0
대왕송잎추출물,1,1,1.0
달맞이꽃추출물,1,1,1.0
제인,1,1,1.0
소이아이소플라본,1,1,1.0
피이지/피피지-18/18다이메티콘,1,1,1.0
유제놀,1,1,1.0
니아울리나무잎오일,1,1,1.0
브로콜리추출물,1,1,1.0
아세로라추출물,1,1,1.0
적색산화철 *글루타치온좀 : 식물 유래 이중 지질막 전달체에 글루타치온을 담지하여 만든 복합체 50,1,1,1.0
도금양열매추출물,1,1,1.0
000 ppm 함유,1,1,1.0
살비아오일,1,1,1.0
애플민트잎추출물,1,1,1.0
콘민트잎추출물,1,1,1.0
알바수련꽃추출물,1,1,1.0
석류과피추출물,1,1,1.0
카바카바뿌리추출물,1,1,1.0
바이오사카라이드검-4,1,1,1.0
타임추출물,1,1,1.0
애기부들이삭추출물,1,1,1.0
마카뿌리추출물,1,1,1.0
소듐헥사메타포스페이트 아떼 멜레이저 프로그래밍 앰플 : 에칠아스코빌에텔,1,1,1.0
장미꽃오일,1,1,1.0
장미추출물,1,1,1.0
실리카실릴레이트,1,1,1.0
테트라아세틸피토스핑고신,1,1,1.0
히비스커스꽃추출물,1,1,1.0
레몬추출물,1,1,1.0
오렌지추출물,1,1,1.0
설탕단풍추출물,1,1,1.0
보리지추출물,1,1,1.0
호스테일켈프추출물,1,1,1.0
라벤더꽃수,1,1,1.0
다이소듐아데노신트라이포스페이트,1,1,1.0
수레국화꽃추출물,1,1,1.0
라우다이모늄하이드록시프로필하이드롤라이즈드밀단백질,1,1,1.0
클레리추출물,1,1,1.0
히아신스전초추출물,1,1,1.0
비타민나무열매오일,1,1,1.0
비닐다이메티콘/메티콘실세스퀴옥세인크로스폴리머,1,1,1.0
삼나무잎추출물,1,1,1.0
아보카도오일,1,1,1.0
우유엑소좀,1,1,1.0
연꽃잎추출물,1,1,1.0
병풀즙,1,1,1.0
데하이드로아세틱애씨드,1,1,1.0
소듐살리실레이트,1,1,1.0
수레국화꽃수,1,1,1.0
피이지-5레이프씨드스테롤,1,1,1.0
소듐실리케이트,1,1,1.0
에틸헥실펠라고네이트,1,1,1.0
센티드제라늄추출물,1,1,1.0
치자꽃추출물,1,1,1.0
마카다미아씨오일폴리글리세릴-6에스터스베헤네이트,1,1,1.0
코토니추출물,1,1,1.0
소듐폴리아크릴레이트스타치,1,1,1.0
오렌지수,1,1,1.0
스테아릴헵타노에이트,1,1,1.0
레몬수,1,1,1.0
레불리닉애씨드,1,1,1.0
카프릴하이드록사믹애씨드,1,1,1.0
세테스-3,1,1,1.0
세테스-5,1,1,1.0
알루미늄/마그네슘하이드록사이드스테아레이트,1,1,1.0
리날룰 *표시: Napiers original formula / +표시: Napiers moisture formula / **표시: 식물 유래 향,1,1,1.0
카놀라오일,1,1,1.0
맥아추출물,1,1,1.0
들깨잎추출물,1,1,1.0
줄맨드라미씨추출물,1,1,1.0
소듐레불리네이트,1,1,1.0
소듐구아이아줄렌설포네이트,1,1,1.0
카프릴릭/카프릭/석시닉트라이글리세라이드,1,1,1.0
꽃송이버섯추출물,1,1,1.0
발삼코파이바수지,1,1,1.0
아떼 멜레이저 퓨어 비타민 씨 볼 : 소듐하이알루로네이트,1,1,1.0
로즈힙열매오일,1,1,1.0
빌베리씨오일,1,1,1.0
마룰라씨오일,1,1,1.0
살비아수,1,1,1.0
홍차추출물,1,1,1.0
아프리카스파이더플라워잎추출물,1,1,1.0
덱스트린팔미테이트,1,1,1.0
칼슘실리케이트,1,1,1.0
라케모사승마뿌리추출물,1,1,1.0
맨드라미꽃추출물,1,1,1.0
헥실신남알,1,1,1.0
쿠푸아수씨버터,1,1,1.0
스테아릴알코올,1,1,1.0
피이지-5글리세릴스테아레이트,1,1,1.0
하이드록시시트로넬알,1,1,1.0
피리독신에이치씨엘,1,1,1.0
적색504호,1,1,1.0
테트라소듐이디티에이,1,1,1.0
프렌치로즈꽃추출물,1,1,1.0
멜레이저 퓨어 비타민 씨 볼 : 소듐하이알루로네이트,1,1,1.0
씨대퍼딜추출물,1,1,1.0
푸마릭애씨드,1,1,1.0
타라열매추출물,1,1,1.0
연꽃캘러스배양추출물,1,1,1.0
시스틴,1,1,1.0
히스티딘에이치씨엘,1,1,1.0
복령균핵추출물,1,1,1.0
하이드롤라이즈드콩단백질,1,1,1.0
올리고펩타이드-4,1,1,1.0
비오틴/폴릭애씨드/시아노코바라민/니아신아마이드/판토테닉애씨드/피리독신/리보플라빈/티아민/효모폴리펩테이드,1,1,1.0
포타슘아스파테이트,1,1,1.0
방풍뿌리추출물,1,1,1.0
요엽후박나무껍질추출물,1,1,1.0
트라이에탄올아민,1,1,1.0
소듐글루타메이트,1,1,1.0
C9-12알케인,1,1,1.0
바위돌꽃뿌리추출물,1,1,1.0
당근씨오일,1,1,1.0
연꽃잎세포배양가루,1,1,1.0
폴리글리세릴-6올리에이트,1,1,1.0
아르니카 몬타나꽃추출물,1,1,1.0
피이지-10피토스테롤,1,1,1.0
디메치콘,1,1,1.0
아크릴레이트코폴리머,1,1,1.0
디소듐이디티에이,1,1,1.0
흰무늬엉겅퀴추출물,1,1,1.0
오레가노추출물,1,1,1.0
암모늄폴리아크릴로일디메칠타우레이트,1,1,1.0
C12-14Sec-알케스-12,1,1,1.0
동아씨추출물,1,1,1.0
글리세릴이소스테아레이트,1,1,1.0
피피지-6-데실테트라데세스-30,1,1,1.0
무환자추출물,1,1,1.0
비누풀잎추출물,1,1,1.0
천궁뿌리추출물,1,1,1.0
글루타밀아미도에틸인돌,1,1,1.0
소듐헥사메타포스페이트 멜레이저 프로그래밍 앰플 : 비타민나무수,1,1,1.0
다이소듐코코암포다이아세테이트,1,1,1.0
눈빛승마추출물,1,1,1.0
라우릴하이드록시설테인,1,1,1.0
폴리쿼터늄-22,1,1,1.0
소듐하이알루로네이트2),1,1,1.0
피이지-6카프릴릭/카프릭글리세라이드,1,1,1.0
락토바실러스세포외소포,1,1,1.0
당호박씨오일,1,1,1.0
코카미도프로필베타인,1,1,1.0
피피지-3카프릴릴에터,1,1,1.0
글라이콜스테아레이트,1,1,1.0
채찍산호추출물,1,1,1.0
회화나무꽃추출물,1,1,1.0
피이지-40스테아레이트,1,1,1.0
헥실데실에틸헥사노에이트,1,1,1.0
사이아노코발아민3),1,1,1.0
하이 드롤라이즈드콜라겐,1,1,1.0
옐로우체이스트위드추출물,1,1,1.0
알루미늄하이드록사이드,1,1,1.0
프룩토올리고 사카라이드,1,1,1.0
흰목이버섯폴리사카라이드,1,1,1.0
장미꽃,1,1,1.0
서양산딸기추출물,1,1,1.0
아사이팜열매추출물,1,1,1.0
제라니올※,1,1,1.0
리날룰※,1,1,1.0
마조람잎오일,1,1,1.0
네오펜틸글라이콜다이카프레이트,1,1,1.0
소듐코코일이세티오네이트,1,1,1.0
가르시니아열매추출물,1,1,1.0
아이소부틸아미도티아졸릴레조시놀,1,1,1.0
청색1호,1,1,1.0
글리세린 부틸렌글라이콜 펜틸렌글라이콜 아이소프로필미리스테이트 피이지/피피지/폴리부틸렌글라이콜-8/5/3글리세린 소듐하이드록사이드 만노오스 메틸다이하이드로자스모네이트 아크릴레이트/C10-30알킬아크릴레이트크로스폴리머 페녹시에탄올 하이드로제네이티드레시틴 알파-글루칸올리고사카라이드 카프릴릴글라이콜 폴리솔베이트20 마데카소사이드 스핑고모나스발효추출물 시트릭애씨드 야콘뿌리즙 소듐메틸스테아로일타우레이트 아세틸다이펩타이드-1세틸에스터 소듐벤조에이트 말토덱스트린 징크글루코네이트 망가니즈글루코네이트 소듐하이알루로네이트 엑토인 단삼뿌리추출물 살리실로일피토스핑고신 락토바실러스 트라이소듐에틸렌다이아민다이석시네이트 비사보롤 정제수,1,1,1.0
세틸피이지/피피지-10/1다이메티콘,1,1,1.0
야콘뿌리즙,1,1,1.0
망가니즈글루코네이트,1,1,1.0
다이포타슘 글리시리제이트,1,1,1.0
아크릴레 이트/C10-30알킬아크릴레이트크로스폴리머,1,1,1.0
하이드로제네이티드올리브오일불검화물,1,1,1.0
스피드웰꽃/잎/줄기추출물,1,1,1.0
엘더꽃추출물,1,1,1.0
월귤잎추출물,1,1,1.0
에델바이스꽃/잎추출물,1,1,1.0
당아욱꽃/잎/줄기추출물,1,1,1.0
레이디스맨틀꽃/잎/줄기추출물,1,1,1.0
페루기네움철쭉추출물,1,1,1.0
서양톱풀꽃/잎/줄기추출물,1,1,1.0
카우슬립꽃추출물,1,1,1.0
다이페닐다이 메티콘,1,1,1.0
화산재,1,1,1.0
펜타펩타이드-3,1,1,1.0
아세틸피토스핑고신,1,1,1.0
4-t-부틸사이클로헥산올,1,1,1.0
카프 릴릭/카프릭트라이글리세라이드,1,1,1.0
폴리글리세릴-3다이스 테아레이트,1,1,1.0
글리세 릴글루코사이드,1,1,1.0
알파-글루칸올리고사카라이드,1,1,1.0
카프릴로일글라이신,1,1,1.0
예덕나무피추출물,1,1,1.0
비트레오스실라발효물,1,1,1.0
드로메트리졸트리실록산,1,1,1.0
디에칠아미노하이드록시벤조일헥실벤조에이트,1,1,1.0
버지니아풍년화잎수,1,1,1.0
포타슘솔베이트 증정: 알로에베라잎수,1,1,1.0
히솝추출물,1,1,1.0
아마씨추출물,1,1,1.0
시트릭애씨드 * 피디알엔: 소듐디엔에이,1,1,1.0
돌콩싹추출물,1,1,1.0
소듐폴리글루타메이트,1,1,1.0
식물성오일,1,1,1.0
팔미타마이드엠이에이,1,1,1.0
아세타마이드엠이에이,1,1,1.0
알로에베라잎폴리사카라이드,1,1,1.0
서양벌노랑이씨추출물,1,1,1.0
옥탄다이올,1,1,1.0
트라이에틸시트레이트,1,1,1.0
마테잎추출물,1,1,1.0
다이에틸헥실석시네이트,1,1,1.0
베타-카로틴 증정 : 알로에베라잎수,1,1,1.0
토코트라이엔올,1,1,1.0
세틸에 틸헥사노에이트,1,1,1.0
아세틸레이티드글라이콜스테아레이트,1,1,1.0
폴리글리세릴-4아이소스테아레이트,1,1,1.0
하이드로제네이티드쌀겨오일,1,1,1.0
코코넛워터,1,1,1.0
매스틱검,1,1,1.0
오르니틴,1,1,1.0
카프릴릭/카프릭트라이글 리세라이드,1,1,1.0
나이아신아마이 드,1,1,1.0
세 라마이드엔피,1,1,1.0
C12-16알코올,1,1,1.0
소듐아크릴레이트/소듐아크릴 로일다이메틸타우레이트코폴리머,1,1,1.0
카프 릴릴글라이콜,1,1,1.0
솔비탄올 리에이트,1,1,1.0
아 크릴레이트/C10-30알킬아크릴레이트크로스폴리머,1,1,1.0
프로폴리스추출 물,1,1,1.0
마데카식애 씨드,1,1,1.0
노티드랙추출물,1,1,1.0
소듐아세테이트,1,1,1.0
카프로익애씨드,1,1,1.0
팔미토일다이펩타이드-7,1,1,1.0
폴리에터-1,1,1,1.0
비스-하이드록시에톡시프로필다이메티콘,1,1,1.0
데카펩타이드-4,1,1,1.0
벼에스에이치-올리고펩타이드-1 * 레티놀 함량 509 IU/g,1,1,1.0
칼슘알루미늄보로실리케이트,1,1,1.0
소듐설파이트,1,1,1.0
전성분 실크수,1,1,1.0
아쿠아,1,1,1.0
아이소세틸스테아로일스테아레이트,1,1,1.0
소르비탄올리베이트,1,1,1.0
트레할로스,1,1,1.0
피이지-7트라이메틸올프로판코코넛에터,1,1,1.0
후추열매오일,1,1,1.0
생강오일,1,1,1.0
육계잎오일,1,1,1.0
병풀꽃/잎/줄기추출물,1,1,1.0
동백나무꽃추출물,1,1,1.0
트라이실록세인,1,1,1.0
부틸옥틸살리실레이트,1,1,1.0
옥토크릴렌,1,1,1.0
메틸글루세스-10,1,1,1.0
다이페닐실록시페닐트라이메티콘,1,1,1.0
피씨에이다이메티콘,1,1,1.0
녹차카테킨,1,1,1.0
트라이에톡시카프릴릴실레인,1,1,1.0
미네랄솔트,1,1,1.0
이리추출물,1,1,1.0
연어알추출물,1,1,1.0
갈랑가갈랑갈추출물,1,1,1.0
비스-에칠헥실옥시페놀메톡시페닐트리아진,1,1,1.0
돌콩추출물,1,1,1.0
테트라하이드로피페린,1,1,1.0
올레일알코올,1,1,1.0
소듐아세틸레이티드하이알루로네이트 하이드롤라이즈드하이알루로닉애씨드,1,1,1.0
스트렙토코쿠스 테르모필루스발효물,1,1,1.0
비즈왁스,1,1,1.0
폴리글리세릴-3폴리리시놀리에이트,1,1,1.0
잣나무씨추출물,1,1,1.0
폴리그릴세릴-10스테아레이트,1,1,1.0
스핑고리피드,1,1,1.0
트라이소듐포스페이트,1,1,1.0
락토바실러스/호박열매발효여과물,1,1,1.0
쿠티박테리움 그라눌로숨발효추출여과물,1,1,1.0
꽈리꽃받침추출물,1,1,1.0
흑효모발효물,1,1,1.0
아데 노신,1,1,1.0
인디고추출물,1,1,1.0
하이드롤라이즈 드하이알루로닉애씨드,1,1,1.0
물망초꽃/잎 /줄기추출물,1,1,1.0
바질오일,1,1,1.0
타마린드씨검,1,1,1.0
아이소세테스-20,1,1,1.0
클로렐라 프로토테코이데스추출물,1,1,1.0
쓴풀추출물,1,1,1.0
푸른연꽃추출물,1,1,1.0
징크하이드롤라이즈드하이알루로네이트,1,1,1.0
글루코닉애씨드,1,1,1.0
로얄젤리추출물,1,1,1.0
후박나무가지추출물,1,1,1.0
아연,1,1,1.0
레몬그라스잎오일,1,1,1.0
탄제린추출물,1,1,1.0
스키산드라 스페난테라열매추출물,1,1,1.0
피이지-90,1,1,1.0
알테로모나스발효추출물,1,1,1.0
실크추출물,1,1,1.0
염소유추출물,1,1,1.0
트로폴론,1,1,1.0
솔잣나무가지/잎오일,1,1,1.0
고수추출물,1,1,1.0
다시마즙,1,1,1.0
시메티콘,1,1,1.0
조류추출물,1,1,1.0
참오동나무잎추출물,1,1,1.0
생달나무잎추출물,1,1,1.0
녹나무잎추출물,1,1,1.0
월계수잎추출물,1,1,1.0
소두구씨오일,1,1,1.0
시트로넬라오일,1,1,1.0
갈바눔수지오일,1,1,1.0
니코티노일다이펩타이드-26,1,1,1.0
세라마이드엔지,1,1,1.0
효모폴리펩타이드,1,1,1.0
락토바실러스/배즙발효여과물,1,1,1.0
수박추출물,1,1,1.0
무추출물,1,1,1.0
락토바실러스/인삼뿌리발효여과물,1,1,1.0
락토바실러스/부레옥잠발효물,1,1,1.0
모나스커스/쌀발효물,1,1,1.0
효모/포도발효추출물,1,1,1.0
단풍나무잎추출물,1,1,1.0
개다래추출물,1,1,1.0
으름덩굴추출물,1,1,1.0
마늘추출물,1,1,1.0
양배추추출물,1,1,1.0
순무잎추출물,1,1,1.0
동백나무잎추출물,1,1,1.0
결명씨추출물,1,1,1.0
아이소스테아릭애씨드,1,1,1.0
타히티바닐라추출물,1,1,1.0
메도우스위트추출물,1,1,1.0
올리고펩타이드-32,1,1,1.0
펜타펩타이드-13,1,1,1.0
팔미토일테트라펩타이드-10,1,1,1.0
팔미토일트라이펩타이드-29,1,1,1.0
테트라펩타이드-44,1,1,1.0
테트라펩타이드-30,1,1,1.0
트라이펩타이드-29,1,1,1.0
올리고펩타이드-29,1,1,1.0
미역취추출물,1,1,1.0
하이알루로닉애씨드/폴리아이소프로필아크릴아마이드코폴리머,1,1,1.0
개똥쑥추출물,1,1,1.0
님잎추출물,1,1,1.0
가시대나무수액,1,1,1.0
자작나무수액,1,1,1.0
소듐만노오스포스페이트,1,1,1.0
카퍼설페이트,1,1,1.0
산구절초추출물,1,1,1.0
모과추출물,1,1,1.0
치커리뿌리추출물,1,1,1.0
유자추출물,1,1,1.0
글리세릴베헤네이트,1,1,1.0
시금치추출물,1,1,1.0
락토바실러스/호밀가루발효물,1,1,1.0
락토바실러스/고추냉이뿌리발효추출물,1,1,1.0
메틸메타크릴레이트크로스폴리머,1,1,1.0
포도주추출물,1,1,1.0
C13-15알케인,1,1,1.0
피토스테릴/이소스테아릴/세틸/스테아릴/베헤닐다이머디리놀리에이트,1,1,1.0
미리스틸미리스테이트,1,1,1.0
형개추출물,1,1,1.0
C30-45알킬다이메티콘,1,1,1.0
벤질알코올,1,1,1.0
4-부틸레조시놀,1,1,1.0
파스향나무잎추출물,1,1,1.0
참깨오일,1,1,1.0
확정세포배양액9,1,1,1.0
효모/헥사펩타이드-11발효여과추출물,1,1,1.0
검은깨추출물,1,1,1.0
얼룩조릿대잎추출물,1,1,1.0
귤껍질추출물,1,1,1.0
레몬버베나잎추출물,1,1,1.0
쿠네아타산사열매추출물,1,1,1.0
허브로버트추출물,1,1,1.0
긴병꽃풀추출물,1,1,1.0
잎새버섯자실체추출물,1,1,1.0
해바라기씨추출물,1,1,1.0
고구마뿌리추출물,1,1,1.0
표고버섯추출물,1,1,1.0
레몬밤추출물,1,1,1.0
자두추출물,1,1,1.0
페퍼민트꽃/잎/줄기추출물,1,1,1.0
산뽕나무잎추출물,1,1,1.0
바질잎추출물,1,1,1.0
기장추출물,1,1,1.0
왕질경이씨추출물,1,1,1.0
도라지뿌리추출물,1,1,1.0
살구추출물,1,1,1.0
옥타펩타이드-2,1,1,1.0
니코티노일트라이펩타이드-35,1,1,1.0
글루카신,1,1,1.0
노나펩타이드-7,1,1,1.0
시트로넬올 - 멜라캡처앰플패드,1,1,1.0
포도뿌리추출물,1,1,1.0
미로탐누스 플라벨리폴리아잎/줄기추출물,1,1,1.0
약모밀꽃/잎/줄기수,1,1,1.0
나이아신아 마이드,1,1,1.0
"1,2- 헥산다이올",1,1,1.0
에 리스리톨,1,1,1.0
아스 코빅애씨드,1,1,1.0
아스코빌글 루코사이드,1,1,1.0
감태추 출물,1,1,1.0
개청각추출물,1,1,1.0
아크릴레이트/C10-30알킬 아크릴레이트크로스폴리머,1,1,1.0
다이소듐 이디티에이,1,1,1.0
홀리 바질잎추출물,1,1,1.0
하이드로제네이티 드레시틴,1,1,1.0
볼도잎추출물,1,1,1.0
콜레스테릴아이소스테아레이트,1,1,1.0
유채추출물,1,1,1.0
흰버드나무잎추출물,1,1,1.0
폴리프로필실세스퀴옥세인,1,1,1.0
스위트아몬드추출물,1,1,1.0
산약삼추출물,1,1,1.0
합성왁스,1,1,1.0
하이드롤라이즈드밀단백질,1,1,1.0
코코-글루코사이드,1,1,1.0
병풀캘러스세포외소포,1,1,1.0
다이메틸설폰,1,1,1.0
폴리글리세릴-5폴리리시놀리에이트,1,1,1.0
바다포도추출물,1,1,1.0
피키아발효추출여과물,1,1,1.0
청각추출물,1,1,1.0
블랙체리열매추출물,1,1,1.0
알에이치-올리고펩타이드-1,1,1,1.0
알에이치-폴리펩타이드-1,1,1,1.0
알에이치-폴리펩타이드-2,1,1,1.0
아세틸올리고펩타이드-99아마이드,1,1,1.0
포스페이트버퍼드셀라인,1,1,1.0
콜레스테릴클로라이드,1,1,1.0
콜레스테릴노나노에이트,1,1,1.0
리모넨※ ※식물유래 에센셜 오일에 원래 포함된 성분입니다,1,1,1.0
세틸팔미테이트,1,1,1.0
효모발효용해여과물,1,1,1.0
초유,1,1,1.0
우유지질,1,1,1.0
콜라겐수,1,1,1.0
알지닉애씨드,1,1,1.0
실란트라이올,1,1,1.0
펜타펩타이드-4,1,1,1.0
유럽밤나무씨추출물,1,1,1.0
시트랄※,1,1,1.0
해마토코쿠스 플루비알리스추출물,1,1,1.0
네오펜틸글라이콜다이헵타노에이트,1,1,1.0
폴리락틱애씨드,1,1,1.0
완두콩펩타이드,1,1,1.0
아세틸펜타펩타이드-1,1,1,1.0
알라닌/히스티딘/라이신폴리펩타이드카퍼에이치씨엘,1,1,1.0
미리스토일헥사펩타이드-16,1,1,1.0
피키아발효용해여과물,1,1,1.0
바오밥나무잎추출물,1,1,1.0
1) 웰라쥬 리얼 에이치에이 하이드레이트 캡슐 소듐하이알루로네이트,1,1,1.0
루이보스추출물,1,1,1.0
검은귀리추출물,1,1,1.0
락토바실러스/콩추출물발효여과물,1,1,1.0
황색산화철,1,1,1.0
-하이드라 크림앰플 코코넛야자열매수,1,1,1.0
소듐하이 알루로네이트,1,1,1.0
락토코쿠스발효물,1,1,1.0
자이언트켈프추출물,1,1,1.0
몰약수지추출물,1,1,1.0
서양송악추출물,1,1,1.0
모하비유카뿌리추출물,1,1,1.0
락토바실러스/석류발효추출물,1,1,1.0
효모/보리씨발효추출물,1,1,1.0
병풀추출물 100,1,1,1.0
000ppm,1,1,1.0
"글리세린 다이메티콘 아이소세틸스테아레이트 나이아신아마이드 아이소프로필라우로일사코시네이트 실리카 암모늄폴리아크릴로일다이메틸타우레이트 쌀전분 석류과피추출물 포타슘세틸포스페이트 솔비탄올리에이트 징크피씨에이 글리세릴스테아레이트에스이 아이소헥사데칸 소듐하이드록사이드 미리스틸미리스테이트 2-올레아미도-1,3-옥타데칸다이올 만노오스 폴록사머338 카프릴로일살리실릭애씨드 카프릴릴글라이콜 비트레오스실라발효물 시트릭애씨드 트라이소듐에틸렌다이아민다이석시네이트 말토덱스트린 잔탄검 펜틸렌글라이콜 폴리솔베이트80 아크릴아마이드/소듐아크릴로일다이메틸타우레이트코폴리머 살리실릭애씨드 피록톤올아민 향료",1,1,1.0
레몬향티트리오일,1,1,1.0
펙 틴,1,1,1.0
