product_id,product_url,product_name,product_rating,user_id,user_keywords,user_rating,review_text
802,https://www.oliveyoung.co.kr/store/goods/getGoodsDetail.do?goodsNo=A000000165562&dispCatNo=100000100010014&trackingCd=Cat100000100010014_Small&t_page=카테고리관&t_click=에센스/세럼/앰플_전체__상품상세&t_number=802,베리홉 에잇 데이즈 퓨어 비타민 씨 앰플 엑스퍼트 15g,4.5,꿀피부go,복합성 | 웜톤 | 미백 | 모공,5,광고도 워낙 많이 나오고 실제효과가 궁금해서 체험단에 신청하게 되었어요.. 가*에서 나오는 엑스틴c밤을 몇 통 사용해봤었는데 순수비타민 함량이 많아서인지 따끔거리고 자극이 있었어요.. 이것도 피부컨디션에 따라 차이가 좀 있더라구요~ 효과가 있었기에 베리홉도 순수비타민 함량이13.5%라 기대가 됐어요 ㅎ 저는 세안후 바로 얼굴에 올려서 충분히 롤링롤링 톡톡하며 충분히 흡수시켜줬어요~ 살짝 오일리해서 바로 흡수되진 않아요. 여행다녀와서 잡티가 더 짙어진 느낌이라 아침저녁으로 열심히 발라줬습니다. 기존에 비타민이 적응돼서인지 따끔거림이나 다른 부작용은 전혀 없었어요~ 바나나 우유보다 살짝 진한~맛나보이는 노란빛깔이 피부에 올리면 시큼한 냄새가 나서 좀 별로예요. 향이 별로긴 하지만 효과는 있어서 가격만 괜찮다면 재구매해서 꾸준히 사용해보고 싶어요.
802,https://www.oliveyoung.co.kr/store/goods/getGoodsDetail.do?goodsNo=A000000165562&dispCatNo=100000100010014&trackingCd=Cat100000100010014_Small&t_page=카테고리관&t_click=에센스/세럼/앰플_전체__상품상세&t_number=802,베리홉 에잇 데이즈 퓨어 비타민 씨 앰플 엑스퍼트 15g,4.5,똑순이가나디,건성 | 봄웜톤 | 잡티 | 미백,5,"👍 피부가 화사해지는게 느껴지는 앰플! ✔️사진 찍기전이라 관리가 필요했는데 너무 만족해요! 🌞 비타민이 함유되어서 바를때 따가울수 있어요! 저는 패드로 피부 닦아주고 처음 발랐을땐 냉장고에 넣었어서 차가워서 더 따가웠던것 같아요! 막 아따가 아따가워 할정돈 아니고 처음 피부에 톡 떨어트렸을때 닿인 부분이 살짝 자극이 느껴졌고 , 다 바르고 나서 살-짝 따가웠던것 같아요! 🌞 한 8번정도 바른것 같은데(저녁마다) 얼굴이 진짜 형광등에 많이 탔었거든요! 팔보다 까만정도?! 근데 예전의 하얀 피부로 반 정도 회복된것 같아요! 🌞8번 즉 일주일 이상 썼는데 전 일주일 쓰면 다 쓸줄 알았는데 아직 1/4 정도 밖에 안써서 한달은 쓸수 있을것 같아요! -한번 쓸때 스포이드 한번 뜬걸로 다 발랐어요! 🌸 탄 피부가 조금이라도 하얘졌으면 좋겠는 분들!! 세일하거나 포인트 잔뜩 모아서 한번 써보시길 추천드려요! 진짜 효과를 봐서 너무 강추 합니다!!! 다쓰면 얼굴이 꽤 하얘질것 같아요❤️ 일주일 쓰니까 통 입구부분에 굳은게 생기더라구요?! 닦아주면서 써야할것 같아요!"
802,https://www.oliveyoung.co.kr/store/goods/getGoodsDetail.do?goodsNo=A000000165562&dispCatNo=100000100010014&trackingCd=Cat100000100010014_Small&t_page=카테고리관&t_click=에센스/세럼/앰플_전체__상품상세&t_number=802,베리홉 에잇 데이즈 퓨어 비타민 씨 앰플 엑스퍼트 15g,4.5,hoii,민감성 | 웜톤 | 잡티 | 트러블,5,"✅ 내돈내산 후 올영체험단 신청 : 세상 사람들..베리홉 진짜 찐제품이에요❤️ ✅️ 건성 + 민감성이지만 비타민 잘 맞는 피부 : 피부가 예민해서 비타민계열만 쓰면 너무 따가웠어요ㅠㅠ ➡️ 하지만 닥터디퍼런*, 폴라초이* 레티놀세럼 등을 사용하면서 비타민에 익숙해지니 비타민만큼 효과 최고인 게 없는 것 같아요! ✔️ 예전에 비타민 제품 쓰면 너~무 따갑다 못해 붉어졌는데, 요즘 K-beauty 기술력 👍 ✔ 순.수.비.타.민 13.5% (비타민 유도제×) : 노란색 앰플이지만 딱히 침구류 이염은 못 느꼈어요 ✔ 잡티 제거보단 트러블 흔적케어에 최고😘 : 잡티에는 효과를 보지못했지만 흔적케어에 리얼로 효과 많이 봤어요ㅠㅠ ➡️ 특히 화농성여드름 압출 후 자국때문에 신경쓰이는 분들 강력 추천합니다‼️‼️ ✔ 피부 자극 : 닥터디퍼** 앰플 보다 자극이 더 느껴져서 적응기간이 필요해요. ✔ 건성도 사용 가능한 비타민 : 예전 비타민들은 속건조를 잡아주지 못했는데, 베리홉은 시간이 지나도 건조함이 생기지 않아요!! ✔ 느린 흡수력 ✔ 약간 시큼한 비타민 특유의 향 ✔ 주의사항 1️⃣ 개봉 후 냉장보관 필수! 아니면 비타민이 금방 산화돼서 사용할 수 없어요. (색이 변하면 사용 중지) 2️⃣ 저는 스포이드 결합하고 살짝 넘쳤어요ㅠㅠ 공홈 확인해보니 ""용기와 스포이드 결합 전 스포이드로 내용물을 1회 흡입한 후 결합해주세요""라고 명시돼있네요😭 3️⃣ AHA, BHA, 레티놀과는 함께 사용하면 자극이 있어요"
802,https://www.oliveyoung.co.kr/store/goods/getGoodsDetail.do?goodsNo=A000000165562&dispCatNo=100000100010014&trackingCd=Cat100000100010014_Small&t_page=카테고리관&t_click=에센스/세럼/앰플_전체__상품상세&t_number=802,베리홉 에잇 데이즈 퓨어 비타민 씨 앰플 엑스퍼트 15g,4.5,dkfdkTdjdy,복합성 | 웜톤 | 잡티 | 미백,4,"베리홉 미백앰플 제품 제형은 굉장히 오일리한 로션 느낌의 샛노랑 앰플 텍스처입니다. 굉장히 무거운 느낌의 제형 앰플이라 얼굴에 싹아~ 흡수되기보다는 피부겉을 코팅해주는 느낌의 앰플로 흡수력도 생각보다 굉장히 더딘 앰플이면서, 끈적임도 있습니다. 오일리하고 무거운 타입이라 건성 피부에는 오히려 잘 맞을 것 같습니다. ﻿ 그리고 무엇보다 이 제품이 아니더라도 비타민 화장품류는 함량이 높을 경우, 산성도 같이 높기 때문에 제품이 피부에 따갑거나 하는 자극이 있을 수 있는데요. 그래서 함량이 높은 제품은 처음 사용할 때 피부에 소량만 발라서 먼저 테스트를 해보고 차차 화장품의 양을 늘려가면서 최대한 자극이 적은 상태로 사용해야 부작용이 덜합니다. 이 제품도 비타민 함량이 높다보니 살짝 자극이 있는 제품입니다. ♥ 예민한 피부, 트러블 피부는 특히 주의해서 사용하세요 ﻿﻿베리홉 미백앰플은 무거운 타입이라 산뜻하게 흡수되진 않았습니다. 사용후 끈적임도 있고, 다음 단계 기초제품을 바를때도 흡수에 방해가 되는 것 같은 느낌이였습닏다. 저는 복합성이라 어느 부분의 피부에서는 특히 볼쪽은 답답하게 느껴지거나 약간의 열감도 느껴졌습니다. ﻿비타민 제품들은 개봉 후에 공기와 접촉하면서 산화되기 때문에 색이 점점 진해집니다. 아끼지 말고 개봉 후 2주 이내로 최대한 빨리 사용하는게 좋습니다. 처음에 보았던 색노랑 색이 아니다 그럼 아까워하지 말고 피부를 위해서 버리세요. ﻿이 제품은 스포이드 형식이라 원하는 양만큼 덜어서 피부에 바룰 수 있습니다. 이마나 볼 양옆 사이드 부분이나 턱쪽은 괜찮은데, 눈 밑쪽이나 광대 앞쪽에, 바를때는 약간 눈이 따갑거나 열감이 올라오기도 합니다. 특히 요즘처럼 햇빝에 얼굴이 익어서 미백앰플을 사용하면 더 열감이 올라오고 있다는 느낌이 듭니다. 그래서 건성인 분들이 사용하면 좋을 것 같았습니다. ﻿뭐든지 꾸준히 써봐야 알 수 있겠지만 화장품 사용방법대로 사용상 주의사항을 지켜가며 꾸준히 신경써서 정성껏 발라주니 기미가 사라진다 확실히 주근깨가 사라졌다가 아니라 얼굴톤이 맑아진다는 것은 확실한것 같습니다. 다만 365일 주구장장 일년 내내 사용하기 보다는 짧게 2~3개월 미백을 집에서 하고 싶을 때 사용하면 좋을 것 같습니다. ﻿ 피부 색소침착 완화의 변화가 있습니다. 트러블로 인한 색소침착 부위에 발라줬는데 막 뚜렷한 변화는 아니지만 어느정도 색이 옅어지는 듯한 느낌을 받았고. 피부톤도 한결 밝아지고 광채가 나는 느낌이랄까요? 아무래도 앰플이 오일리 하다보니 윤기가 납니다. 지금처럼 한여름에도 부담없이 사용할 수 있습니다. 저는 지금 사용중입니다. 고함량 미백앰플이기 때문에 아침보다는 저녁에 바르는걸 추천"
802,https://www.oliveyoung.co.kr/store/goods/getGoodsDetail.do?goodsNo=A000000165562&dispCatNo=100000100010014&trackingCd=Cat100000100010014_Small&t_page=카테고리관&t_click=에센스/세럼/앰플_전체__상품상세&t_number=802,베리홉 에잇 데이즈 퓨어 비타민 씨 앰플 엑스퍼트 15g,4.5,토깽이N,건성 | 웜톤 | 잡티 | 미백,5,"✔ 건성, 민감성피부로 화이트닝 제품이나 바르는 비타민 씨 제품에 조금 민감한 피부라 고민하다가 올영체험단으로 한번 사용해보게 되었어요. ✔ 제품상자가 커서 놀랐는데 제품이랑 스포이드가 분리되어 있는 포장이더라구요. 개봉해보니 노오란 색상의 앰플이었고 발림성이 부드러웠어요. 먼저 손등에 사용해봤는데 로션 느낌의 앰플로 상큼한 향이 느껴졌어요. ✔ 얼굴에 사용할 때에는 처음 사용시 적응기간인 1~2주 동안은 세안후 토너를 사용한 뒤, 적당량을 떨어뜨려 손가락 끝으로 얼굴 안쪽에서 바깥쪽으로 두드리며 흡수시켜주면 되구요. 적응 기간 이후에는 세안 후 첫 단계 사용을 추천한다고 해요. 저는 그냥 토너 사용 후 발라주고 있어요. ✔ 밤에만 사용중인데 토너 사용후 발라주니 흡수는 바로 되는 느낌은 아니었지만 일주일 넘게 발라주니 피부톤이 조금 환해진 느낌은 들었어요."
802,https://www.oliveyoung.co.kr/store/goods/getGoodsDetail.do?goodsNo=A000000165562&dispCatNo=100000100010014&trackingCd=Cat100000100010014_Small&t_page=카테고리관&t_click=에센스/세럼/앰플_전체__상품상세&t_number=802,베리홉 에잇 데이즈 퓨어 비타민 씨 앰플 엑스퍼트 15g,4.5,mingki,건성 | 가을웜톤,3,"올영체험단 제품으로 사용하게 되었어요. 솔찌키..미백제품은 집에서 백날 관리해봤자 효과 미미하고 피부과가 최고라고 생각하는 입장인데...체험단 티켓팅에 실패해서ㅋㅋㅋㅋ이거라두.... ✅제형 오일리해요. 세럼, 에센스처럼 묽은 제형일 줄 알았는데 로션 느낌. 향은 비타민 제품들 특유의 시큼한 향이에요. ✅사용감 무거운 타입이라 산뜻하게 흡수되진 않아요. 끈적임도 있고 다음 단계 기초 흡수에 방해가 될 것 같은 너낌,,,? 지성한테는 답답하게 느껴질 수도 있을 것 같아요. ✅사용방법 비타민 제품들은 개봉 후에 공기와 접촉하면서 산화되기 때문에 색이 점점 진해져요. 아끼지 말고 개봉 후 2주 이내로 최대한 빨리 사용하는게 좋아요. 주황색에서 갈색이 됐다? 아까워하지 말고 버려야해요. ✅자극 ✔️이 제품이 아니더라도 비타민 화장품류는 함량이 높을 경우, 산성도 때문에 따갑거나 하는 자극이 있을 수 있어요. 그래서 처음엔 소량만 발라서 테스트해보고 점차 양을 늘려가면서 최대한 자극이 적은 적합한 양을 찾아야해요. ✔️예민한 피부, 트러블 피부는 특히 주의하세요 ✅사용후기 2주 사용하고 눈에 띄는 변화가 있는게 신기하지 않나요. 전혀 모르겠어요ㅎㅎ뭐든지 꾸준히 써봐야 알 수 있지 않을까요? 근데 유튜브나 올영 후기만 봐도 광고빨이 너무 심하다는 평이 많아요. 📣건성추천. 지성비추. 자극있음. 재구매안함."
802,https://www.oliveyoung.co.kr/store/goods/getGoodsDetail.do?goodsNo=A000000165562&dispCatNo=100000100010014&trackingCd=Cat100000100010014_Small&t_page=카테고리관&t_click=에센스/세럼/앰플_전체__상품상세&t_number=802,베리홉 에잇 데이즈 퓨어 비타민 씨 앰플 엑스퍼트 15g,4.5,올리브땡공,복합성 | 웜톤 | 잡티 | 미백,5,저에게도 이런 행운이 ~🍀 진~~~~짜 사용해 보고 싶었던 제품입니다. 가격대가 있어서 망설였는데 올리브영 체험단을 통해 접하게되어 너무 좋아요. 지인에게 효과는 익히들어 알고 있어 얼마나 좋은지 받아보자마자 사용해봤어요. 🌼결론부터 말씀 드리자면 딱 일주일만 써보면 칙칙함은 사라지고 피부톤이 환해진걸 느낄수 있어요. 왜 에잇 데이즈인지 알것같습니다. 🌼오일리하고 무거운 타입이라 건성 피부에 잘 맞아요. 흡수는 늦게되는 편이지만 피부층을 보호막을 씌워주는 느낌입니다. 🌼평소 속기미 겉기미 잡티 관련 제품에 관심이 많다보니 비타민c앰플을 즐겨사용해요. 비타민씨 앰플들은 자극이 있기 마련인데 베리홉도 마찬가지로 비타민 함량이 높아 자극이 있을수 있어요. 저에겐 익숙하지만 피부 예민하신분들은 미리 팔 같은곳에 테스트해보는게 좋을듯해요. 🌼개봉후엔 냉장보관~ 빠르게 사용하길 추천드려요~~
802,https://www.oliveyoung.co.kr/store/goods/getGoodsDetail.do?goodsNo=A000000165562&dispCatNo=100000100010014&trackingCd=Cat100000100010014_Small&t_page=카테고리관&t_click=에센스/세럼/앰플_전체__상품상세&t_number=802,베리홉 에잇 데이즈 퓨어 비타민 씨 앰플 엑스퍼트 15g,4.5,언덕삼이,민감성 | 웜톤 | 잡티 | 블랙헤드,3,"별을 2개를 뺀 이유는 용량에 비해서 가격이 너무나도 비싸기 때문입니다. 물론 8일동안 비타민쎄 앰플 특유의 효오과를 볼 수 있다면 모르겠지만.. 실제로 8일간 아니 그정도 양은 안되고 5일간 얼굴에 잘 발라봤지만 음 일단 가격만큼의 효과는 보진 못했습니다. 올리브영 체험단 리뷰를 쓸 때 내가 이걸 돈을 주고 구매할것인가 <- 이 부분에 초점을 많이 맞추는데 제 입장에서는 일단 구매하지 않을것 같습니다. 1. 너무나도 소량의 양 2. 용량에 비해서 너무 비싼 가격 3. 용량과 가격을 이해할 정도의 그만큼의 효오과를 보지 못함. 4. 이 정도의 돈을 주고서 15g을 쓰는것보다는 차라리 이 돈에 돈을 더 보태서 병원을 가는것을 추천합니다. 지성인 저보다는 건성인 엄마에게 그나마 더 좋았고, 미백 앰플의 효과보다는 그냥 비싼 앰플을 쓴다고 생각하면 됨."
802,https://www.oliveyoung.co.kr/store/goods/getGoodsDetail.do?goodsNo=A000000165562&dispCatNo=100000100010014&trackingCd=Cat100000100010014_Small&t_page=카테고리관&t_click=에센스/세럼/앰플_전체__상품상세&t_number=802,베리홉 에잇 데이즈 퓨어 비타민 씨 앰플 엑스퍼트 15g,4.5,아롱모찌,복합성 | 웜톤 | 잡티 | 미백,5,광고에 나오는거 몇번 봐서 관심이 있던 제품인데 받게 되니까 너무 기분이 좋네요 집에 비타민 c 세럼 앰플 여러개가 있어요 기미도 있고 잡티도 있는 피부라서 관리 안하면 큰일 납니다 안정화 된 순수 비타민 C 13.5%로가 함유되어있어 피부 톤. 잡티. 멜라닌. 겉기미. 속기미. 색소침착 완화해주는 앰플이라고 하네요 인체적용시험도 해서 믿을 수 있어 좋아요 적응기간 1~2주동안 토너 사용후 사용하고 적응기간 이후에는 세안 후 첫 단계에 사용하라고 써있어요 피부 예민한 분들은 적응기간을 거쳐야 하지만 전 기존에 비타민C앰플과 레티놀을 항상 써와서 처음부터 세안하고 바로 발라줬어요 끈적임이 없고 흡수가 싹 되더라구요 피부 노랗게 되는 것도 없어서 마음에 들었어요 어떤 비타민c 앰플은 바르면 피부가 살짝 노랗게 보이고 저녁에 닦아내보면 노란색이 묻어나오는 이상한 앰플도 있더라구요 이제품은 끈적임도 없고 자극이 없어서 더운 여름에 발라도 좋더라구요 첫단계에 발라도 되는게 전 좋더라구요 작년에 미백잡티 관리 안했다가 잡티랑 기미가 볼까지 내려와서 엄청 충격 먹었어요 미백관리는 매일 항상 꾸준히 해야됩니다 소홀하다가 피부 기미 확 올라와요
802,https://www.oliveyoung.co.kr/store/goods/getGoodsDetail.do?goodsNo=A000000165562&dispCatNo=100000100010014&trackingCd=Cat100000100010014_Small&t_page=카테고리관&t_click=에센스/세럼/앰플_전체__상품상세&t_number=802,베리홉 에잇 데이즈 퓨어 비타민 씨 앰플 엑스퍼트 15g,4.5,루루이,민감성 | 겨울쿨톤 | 각질 | 트러블,4,먹는 비타민C도 중요하지만 바르는 비타민C도 정말 중요하더라구요. 베리홉 제품은 이번에 처음 사용해 보는데 지금까지 써왔던 화장품들과는 또다른 매력을 지닌 제품이더라구요. 💛좋았던점 ✔️순수 비타민C 함류량이 많은 편이라 소량만 사용해도 충분했어요. ✔️색소침착 완화. 트러블로 인한 색소침착 부위에 발라줬는데 막 뚜렷한 변화는 아니지만 어느정도 색이 옅어지는 듯한 느낌은 받았어요. ✔️미백에 좋아요. 피부톤이 한결 밝아지고 광채가 나는 느낌이랄까요. ✔️피부가 생기있어 보여요. ✔️피부에 영양감을 주는 듯한 느낌 ✔️비교적 산뜻해요. 지금처럼 한여름에도 부담없이 사용할 수 있어요. 🖐아쉬운점 ✔️효과도 괜찮고 비티민C 함류량도 높은건 알겠지만ㅠㅠ 민감피부인 저에게는 조금 자극적이었어요. (저처럼 민감 예민 피부이신 분들은 처음부터 듬뿍 바르지 마시고 소량씩 테스트 해가면서 사용하는걸 추천드려요.) ✔️개봉후 냉장보관 해야하더라구요. ✔️향이 좀 강한 편인 것 같아요. (비타민C 특유의 냄새) 🍯꿀팁 아침보다는 저녁에 바르는걸 추천드려요. 꼭 테스트 해보고 사용하시는게 좋아요. 꾸준히 사용하는 것보다 분기별로 한번씩 관리해주는 용도로 사용하면 좋을 것 같아요. 아무래도 자극이 조금 있는 편이라서 피부에 휴식을 주면서 적절하게 사용하는게 중요한 것 같아요.
802,https://www.oliveyoung.co.kr/store/goods/getGoodsDetail.do?goodsNo=A000000165562&dispCatNo=100000100010014&trackingCd=Cat100000100010014_Small&t_page=카테고리관&t_click=에센스/세럼/앰플_전체__상품상세&t_number=802,베리홉 에잇 데이즈 퓨어 비타민 씨 앰플 엑스퍼트 15g,4.5,린공쥬,건성 | 웜톤 | 모공 | 홍조,5,베리홉도 올리브영에서 판매를 하는군영 !! 너무 궁금했는데 좋은 기회로 올영체험단에 선정되어 제품을 써 보게 되었습니당 ~~ 처음 받고는 양이 작아 놀랬는데 '8일의 기적' 앰플 이라고 해서 단기간에 피부가 좋아지는 !? 효과가 있는 그런 제품이더라구요 !! 처음 개봉하고 사용하고는 냉장보관 하라길래 냉장고에 넣어두었어용 제가 요새 트러블이 올라왔었어서 자국이 남아있었거든요 ㅠㅠ 뾰루지 흉터 ㅠㅠ 거뭇거뭇 조금 신경쓰였는데 딱 이 제품 효과가 제가 원하는거라 바로 사용했어요 ! 지금까지 이틀 사용했는데 처음에 좀 따가운건 있지만 그래도 확실히 거뭇한 부분이 조금 연해지는게 느껴져요 ! 그리고 광이 촤르르 해서 저는 아침엔 메이크업이 밀릴거 같아 저녁에 발라주고 있어요 ! 광이 번쩍번쩍 나서 촉촉하고 좋았어요
802,https://www.oliveyoung.co.kr/store/goods/getGoodsDetail.do?goodsNo=A000000165562&dispCatNo=100000100010014&trackingCd=Cat100000100010014_Small&t_page=카테고리관&t_click=에센스/세럼/앰플_전체__상품상세&t_number=802,베리홉 에잇 데이즈 퓨어 비타민 씨 앰플 엑스퍼트 15g,4.5,라이까까,지성 | 웜톤 | 미백 | 트러블,5,"베리홉이 올리브영에도 입점되는게 실화인가요? 정말 가면 갈수록 핫한 브랜드는 없는게 없는 올리브영.. 넘 감사합니다 :) 베리홉 미백앰플은 제가 사용해본 비타민C 앰플들 중, 이건 진짜 찐 비타민C구나가 느껴지는 제품이에요. 이유는 두가지인데, 먼저 기분좋은 따끔따끔함. 비타민C 성분의 특성 상 따끔따끔한 느낌이 당연히 있어야 해요. 시중에 비타민C를 주성분으로 만든 제품들이 아주 많지만, 따끔거리지 않는 이유는 중화가 많이 되었거나 함량이 적기 때문이에요. 이 제품은 너무 자극적이지 않은 정도의 따끔따끔함이 약간 느껴지는게 진짜 비타민C를 제대로 바르는구나! 느껴진답니다. 또다른 특징은 눈에 띄는 광이에요. 이 제품을 바르고 난 직후는 물론, 자고 일어난 다음날까지도 얼굴에 반들반들하게 광이 도는데, 피부결이 달라진 기분이에요! 하지만 트러블이 올라오거나 뒤집어진 적은 전혀 없어서 믿고쓰는 베리홉이에요."
802,https://www.oliveyoung.co.kr/store/goods/getGoodsDetail.do?goodsNo=A000000165562&dispCatNo=100000100010014&trackingCd=Cat100000100010014_Small&t_page=카테고리관&t_click=에센스/세럼/앰플_전체__상품상세&t_number=802,베리홉 에잇 데이즈 퓨어 비타민 씨 앰플 엑스퍼트 15g,4.5,다발라,복합성 | 웜톤 | 잡티 | 탄력,5,오랜만에 효과좋은 앰플을 발견했어요! 1.향 향은 개인적인 취향에서 봤을 때 별로네요. 아주 많이 인공적인 향은 아니고 은은해요. 2. 제형 약간 묽은 제형으로 흡수가 잘되는 편입니다. 3.용기 스포이드형으로 위생적이네요. 작은 사이즈로 여행용으로도 좋아요 4.장점 칙칙한 피부를 환하게 해줘요 마사지 기를 같이 사용하면 피부 깊숙이 침투시켜주는데 밤에 사용하고 다음날 보면 피부가 환해져있어요 비타민이 자극적일 수 있는데 이제품은 자극이 하나도 없어요 피부 흡수가 빨라서 화장전 사용해도 밀리거나 하지 않아 참 좋아요 성분을 보니 순수 비타민이 많이 함유되어 있네요 5. 단점 양이 너무 작아서 자주 구매해야하는 불편함이 있어요! 8일분량입니다. 뭐든 듬뿍바르는 타입인데다 맛사지 기를 사용하니 며칠 안가 다 썼어요.
802,https://www.oliveyoung.co.kr/store/goods/getGoodsDetail.do?goodsNo=A000000165562&dispCatNo=100000100010014&trackingCd=Cat100000100010014_Small&t_page=카테고리관&t_click=에센스/세럼/앰플_전체__상품상세&t_number=802,베리홉 에잇 데이즈 퓨어 비타민 씨 앰플 엑스퍼트 15g,4.5,A21,건성 | 쿨톤 | 미백 | 민감성,5,"기미와 잡티로 인해 스트레스를 받고 있어서 이번 올영체험단에 베리홉 제품이 나와서 신청했어요 리뉴얼 전 베리홉 미백 앰플 제품을 사용해봤는데 피부톤이 밝아지는 효과를 느껴서 이번에도 기대감을 가지고 엑스퍼트는 무엇이 달라졌는지 궁금해서 바로 사용했어요 제형이나 사용감은 기존과 크게 달라진 점은 잘 모르겠지만 발림성도 여전히 좋고 쫀쫀해서 마음에 들어요 리뉴얼 전 제품도 피부에 크게 자극없이 잘 맞아서 적응 기간 없이 바로 발랐지만, 아스코빅애시드가 13.5% 들어간 제품이다보니 특히 민감하거나 얇은 피부는 자극이 느껴질 수 있어서 케이스 뒷면 사용 방법에 나오는 ✅️피부 적응 기간을 지켜주는걸 권장해요 베리홉 앰플 사용 시 피부에 바르고 나서 쫀쫀한 느낌이 남아있어서 아침보다는 저녁에 바르는 것을 추천해요 그리고 미백 기능성 제품이라 바르고 나서 최대한 빛을 안보게 저녁도 잠들기 바로 직전에❗️ 바르도록 노력해야겠어요 개봉 후 냉장 보관이라고 나와있어서 지퍼백에 넣어서 바로 냉장 보관했어요😆 평소 자기 전에 물을 마시고 자는 습관이 있는데 여기에 추가로 냉장 보관 중인 베리홉 앰플을 꾸준하게 발라줘야겠어요!"
802,https://www.oliveyoung.co.kr/store/goods/getGoodsDetail.do?goodsNo=A000000165562&dispCatNo=100000100010014&trackingCd=Cat100000100010014_Small&t_page=카테고리관&t_click=에센스/세럼/앰플_전체__상품상세&t_number=802,베리홉 에잇 데이즈 퓨어 비타민 씨 앰플 엑스퍼트 15g,4.5,hoii,민감성 | 웜톤 | 잡티 | 트러블,4,"✅ 닥터디퍼** 항산화앰플 사용 후 비타민에 눈을 뜨게 돼서 구매했어요‼️ 예전에 비타민 제품 쓰면 너~무 따갑다 못해 붉어졌는데, 요즘 K-beauty 기술력은 정말..👍 ✔ 순.수.비.타.민 13.5% (비타민 유도제×) : 노란색 앰플 ✔ 기미, 잡티 제거보단 트러블 흉터에 효과적 : 주근깨가 있는 편인데 사용한지 얼마 안돼서 그런지 효과를 보지 못했어요!! 하지만 트러블 흉터에는 진짜진짜로 효과적인 것 같아요. ✔ 피부 자극 : 닥터디퍼** 보다 자극이 더 느껴졌어요ㅠㅠ 민감성 기준 매일 사용하기엔 살짝 무리가 있어요. 하지만 얼굴이 붉어지거나 하진 않았어요 ✔ 건성도 사용 가능한 비타민 : 예전에 쓰던 비타민들은 속건조를 잡아주지 못했는데, 닥터디퍼런트도 그렇고 베리홉도 시간이 지나도 건조함이 생기지 않아요!! ✔ 느린 흡수력 : 흡수가 빠른 편은 아니라서 텀을 두고 크림을 사용해주고 있어요 ✔ 향 : 약간 시큼한 비타민 특유의 향이 나요! ✔ 주의사항 1️⃣ 개봉 후 냉장보관 필수에요! 아니면 비타민이 금방 산화돼서 사용할 수 없어요. (색이 변하면 사용 중지) 2️⃣ 저는 스포이드 결합하고 살짝 넘쳤어요ㅠㅠ 공홈 확인해보니 ""용기와 스포이드 결합 전 스포이드로 내용물을 1회 흡입한 후 결합해주세요""라고 명시돼있네요😭 3️⃣ AHA, BHA, 레티놀과는 함께 사용하면 자극이 있어요"
802,https://www.oliveyoung.co.kr/store/goods/getGoodsDetail.do?goodsNo=A000000165562&dispCatNo=100000100010014&trackingCd=Cat100000100010014_Small&t_page=카테고리관&t_click=에센스/세럼/앰플_전체__상품상세&t_number=802,베리홉 에잇 데이즈 퓨어 비타민 씨 앰플 엑스퍼트 15g,4.5,리체,지성 | 쿨톤 | 각질 | 트러블,5,"***** 유럽의 뜨거운 태양을 받고 난 후 피부가 걱정이 되어서 피부과 시술 등 여러가지 조치를 취했는데요! 그중 하나가 요 비타민 앰플❤️ 비타민이 피부 미백과 잡티 개선에 효과가 있는것은 공공연한 사실이여서 일주일 동안 열심히 사용해 보았습니다. 상당히 강한 비타민이다 보니 밤에만 사용하는 것이 좋습니다. 왜냐하면, 강한 비타민이 들어간 제품들은 피부를 타게 만들 수 있기 때문에 아침에 세안을 꼼꼼히 하시는게 좋을 것 같습니다. 흡수는 솔직히 잘 안되는 편이였고 두드려서 흡수를 하려고 노력했습니당 ㅎㅎ 냄새는 비타민 특유의 시큼한 향 ㅋㅋㅋ ✔️✔️장점 잡티 개선에 도움을 줌!! 강한 비타민의 최대 장점 ㅎㅎㅎ 잡티 개선에 도움이 많이 되더라고요. 없어지지는 않지만 옅어진 느낌 잡티가 신경쓰이시는 분들께 추천드립니다."
802,https://www.oliveyoung.co.kr/store/goods/getGoodsDetail.do?goodsNo=A000000165562&dispCatNo=100000100010014&trackingCd=Cat100000100010014_Small&t_page=카테고리관&t_click=에센스/세럼/앰플_전체__상품상세&t_number=802,베리홉 에잇 데이즈 퓨어 비타민 씨 앰플 엑스퍼트 15g,4.5,Qpt8384,복합성 | 웜톤 | 잡티 | 미백,5,미백앰플이라 자극이있을것 같았는데 처음부터 양조절 실패로 많이 발랐는데 따가움이없어요 저는 속건조가 심한 민감성 피부예요 🌼 연노란빛을 띄는 바나나우유색이예요 😀사용법은 정말간단해요 미백앰플 뚜껑을 제거하고 스포이드로 교체후 사용하세요 일주일동안은 스킨바르고 발라주시고 피부적응후는 첫단계에 발라주시면되요 저는 따갑지도않고 자극없었지만 피부적응기간을 주었어요 😄생각보다 묽은 편인데 점도가높아서 넓은부위도 가능하고 8일사용 앰플인데 양이 많아서 더길게 사요할수있을것 같아요 ❤건성인저에게는 촉촉해요 바른후 끈적임은 잠시 있는데 흡수가 빠르고 촉촉함과 미백앰플의 유분기만 남아있어요 얼굴에 윤광이 나서 저는 오전에도 화장전에 발라주고있어요 피부표현 할때 자연스러운 윤광이나요 😁촉촉하고 자극없는 미백앰플 찾으시른분들에게 추천합니다
802,https://www.oliveyoung.co.kr/store/goods/getGoodsDetail.do?goodsNo=A000000165562&dispCatNo=100000100010014&trackingCd=Cat100000100010014_Small&t_page=카테고리관&t_click=에센스/세럼/앰플_전체__상품상세&t_number=802,베리홉 에잇 데이즈 퓨어 비타민 씨 앰플 엑스퍼트 15g,4.5,외국인,복합성 | 쿨톤 | 미백 | 주름,5,비타민 시 사용해 보고 싶으면 이 상품을 추천합니다. 피부 좋아지소ㅠ밝아집니다
802,https://www.oliveyoung.co.kr/store/goods/getGoodsDetail.do?goodsNo=A000000165562&dispCatNo=100000100010014&trackingCd=Cat100000100010014_Small&t_page=카테고리관&t_click=에센스/세럼/앰플_전체__상품상세&t_number=802,베리홉 에잇 데이즈 퓨어 비타민 씨 앰플 엑스퍼트 15g,4.5,외국인,복합성 | 쿨톤 | 미백 | 주름,5,효과적입니다. 피부 족족하고 부드럽습니다. 좋습니다.
802,https://www.oliveyoung.co.kr/store/goods/getGoodsDetail.do?goodsNo=A000000165562&dispCatNo=100000100010014&trackingCd=Cat100000100010014_Small&t_page=카테고리관&t_click=에센스/세럼/앰플_전체__상품상세&t_number=802,베리홉 에잇 데이즈 퓨어 비타민 씨 앰플 엑스퍼트 15g,4.5,무통장에입금,건성 | 웜톤 | 잡티 | 블랙헤드,4,요즘 피부가 많이 타기도 했고 나이가 들면서 기미도 생겨가지고 신청했어요! 비타민 앰플 같은 경우 고함량이면 오히려 피부에 자극적일 수 있어서 걱정했는데 다행히 그렇지는 않았어요!
802,https://www.oliveyoung.co.kr/store/goods/getGoodsDetail.do?goodsNo=A000000165562&dispCatNo=100000100010014&trackingCd=Cat100000100010014_Small&t_page=카테고리관&t_click=에센스/세럼/앰플_전체__상품상세&t_number=802,베리홉 에잇 데이즈 퓨어 비타민 씨 앰플 엑스퍼트 15g,4.5,skrnl****,지성 | 봄웜톤 | 잡티 | 트러블,5,이게 비타민 앰플이라서 그런지 뾰루지 난 곳에 닿으면 살짝 따끔하긴 하더라고요 그래도 저는 좋아서 한번에 3개씩 구매하고 있습니다.
802,https://www.oliveyoung.co.kr/store/goods/getGoodsDetail.do?goodsNo=A000000165562&dispCatNo=100000100010014&trackingCd=Cat100000100010014_Small&t_page=카테고리관&t_click=에센스/세럼/앰플_전체__상품상세&t_number=802,베리홉 에잇 데이즈 퓨어 비타민 씨 앰플 엑스퍼트 15g,4.5,heejo****,복합성 | 잡티 | 트러블,5,단점은 가격이에요… 너무 작은데 너무너무 비싸요…. 하지만 며칠 안지났는데 좋네요…!
802,https://www.oliveyoung.co.kr/store/goods/getGoodsDetail.do?goodsNo=A000000165562&dispCatNo=100000100010014&trackingCd=Cat100000100010014_Small&t_page=카테고리관&t_click=에센스/세럼/앰플_전체__상품상세&t_number=802,베리홉 에잇 데이즈 퓨어 비타민 씨 앰플 엑스퍼트 15g,4.5,nhyunKim,복합성 | 웜톤 | 트러블 | 블랙헤드,5,전부터 친구가 좋다고 좋다고 써보라해서 고민중에 우얀히 좋은기회로 얻었어요~ 크기가 진짜 옴매..! 일정도러 작아요 가격대비 작아서 소중하게 써야햘.. ㅎ 그래도 효과좋아요 피부 금방 괜찮은느낌이고 비싼이유가 있어요
802,https://www.oliveyoung.co.kr/store/goods/getGoodsDetail.do?goodsNo=A000000165562&dispCatNo=100000100010014&trackingCd=Cat100000100010014_Small&t_page=카테고리관&t_click=에센스/세럼/앰플_전체__상품상세&t_number=802,베리홉 에잇 데이즈 퓨어 비타민 씨 앰플 엑스퍼트 15g,4.5,옹글이,복합성 | 봄웜톤 | 미백 | 주름,5,맨 얼굴에 사용하면 자극이 있을 수 있으니 토너 사용한 후 사용하라고 해서 그렇게 사용했어요 ! 비타민 함유량이 많아서 그런지 쓰고나면 바로 피부톤이 환해지고 넘 좋아요 가격이 사악하지만 ㅠㅠ 다 쓰면 또 구매할거예요 !
802,https://www.oliveyoung.co.kr/store/goods/getGoodsDetail.do?goodsNo=A000000165562&dispCatNo=100000100010014&trackingCd=Cat100000100010014_Small&t_page=카테고리관&t_click=에센스/세럼/앰플_전체__상품상세&t_number=802,베리홉 에잇 데이즈 퓨어 비타민 씨 앰플 엑스퍼트 15g,4.5,옹글이,복합성 | 봄웜톤 | 미백 | 주름,5,와 이거 ㅠㅠ 진짜 너무 좋아요 유튜브 보고 관리하려고 구매했는데 비타민 c라 그런지 따갑긴 한데 ㅜㅜ 3일 사용하고 얼굴 빛이 환해지는 걸 느꼈어요 ㅠ 가격이 사악하지만 계속 정착할 거 같아요 !!!
802,https://www.oliveyoung.co.kr/store/goods/getGoodsDetail.do?goodsNo=A000000165562&dispCatNo=100000100010014&trackingCd=Cat100000100010014_Small&t_page=카테고리관&t_click=에센스/세럼/앰플_전체__상품상세&t_number=802,베리홉 에잇 데이즈 퓨어 비타민 씨 앰플 엑스퍼트 15g,4.5,룰루난나나,복합성 | 웜톤 | 주름 | 각질,4,비타민앰플 이름대로 피부에 바를때 비타민가득이 느껴져요ㅋㅋ 가격이 조금 비싸지만…잘 흡수되고 좋은거같아요
802,https://www.oliveyoung.co.kr/store/goods/getGoodsDetail.do?goodsNo=A000000165562&dispCatNo=100000100010014&trackingCd=Cat100000100010014_Small&t_page=카테고리관&t_click=에센스/세럼/앰플_전체__상품상세&t_number=802,베리홉 에잇 데이즈 퓨어 비타민 씨 앰플 엑스퍼트 15g,4.5,Dthr,복합성 | 가을웜톤 | 잡티 | 미백,5,비타민 함량이 많아서 그런지 자극이 조금 느껴지긴하는데 효과는 있는 거 같아요! 제가 여드름성피부라 같이 섞여있어서 많이 효과를 보지는 못했지만
802,https://www.oliveyoung.co.kr/store/goods/getGoodsDetail.do?goodsNo=A000000165562&dispCatNo=100000100010014&trackingCd=Cat100000100010014_Small&t_page=카테고리관&t_click=에센스/세럼/앰플_전체__상품상세&t_number=802,베리홉 에잇 데이즈 퓨어 비타민 씨 앰플 엑스퍼트 15g,4.5,fhkdl****,트러블성 | 가을웜톤 | 미백 | 트러블,5,"두 번째 구매해서 사용중입니다!!! 착색때문에 샀는데 효과있어요!!!!! 온갖 미백 제품들 다 사서 쓰고, 착색토닝/레이저토닝 다 했는데 토닝+베리홉 미백 앰플 썼을 때가 가장 효과 좋습니다! 계속 구매 예정입니다!!"
802,https://www.oliveyoung.co.kr/store/goods/getGoodsDetail.do?goodsNo=A000000165562&dispCatNo=100000100010014&trackingCd=Cat100000100010014_Small&t_page=카테고리관&t_click=에센스/세럼/앰플_전체__상품상세&t_number=802,베리홉 에잇 데이즈 퓨어 비타민 씨 앰플 엑스퍼트 15g,4.5,skrnl****,지성 | 봄웜톤 | 잡티 | 트러블,5,아침마다 발라주고 있습니다. 제 기미가 조금은 사라지는걸 바라면서 6통째! 저는 워낙 둔해서 아직은 모르겠지만 열심히 써볼게요!
802,https://www.oliveyoung.co.kr/store/goods/getGoodsDetail.do?goodsNo=A000000165562&dispCatNo=100000100010014&trackingCd=Cat100000100010014_Small&t_page=카테고리관&t_click=에센스/세럼/앰플_전체__상품상세&t_number=802,대신 이 상품은 어떤가요?,4.5,올리브호,복합성 | 웜톤 | 주름 | 모공,5,더운 여름 속기미가 올라왔는데 베리홉 비타민씨 앰플 사용하고 많이 개선되었습니다. 기미가 없어지지 않지만 점점 옅어짐을 느꼈고 피부톤이 기존보단 훨씬 환하고 밝아진걸 느낄수 있었어요. 비타민 씨 제품들은 늘 그렇듯 개봉후엔 공기가 닿으면 산화되는 현상때문 빠르게 사용해야해요. 전 엄마랑 같이 사용하고 있어 금방 사용할것 같네요~ 약간의 번거로운점이 있다면 냉장보관해야하는거~ 그부분 빼고는 기능면에서 너무 좋아요. 비타민 씨 함량이 높아요. 그만큼 열감이나 자극이 있을수 있어요. 바르면 잠깐 그러다 바로 괜찮아 져요. 스포이드 형식으로 되어 있어서 사용시 적당량을 조절하기 편리하고 좀더 청결하게 사용 보관 가능해요. 건성에 잘맞는거 같고 끈적임 없이 마무리되요. 낮보다는 저녁에 사용하는걸 추천드립니다.
802,https://www.oliveyoung.co.kr/store/goods/getGoodsDetail.do?goodsNo=A000000165562&dispCatNo=100000100010014&trackingCd=Cat100000100010014_Small&t_page=카테고리관&t_click=에센스/세럼/앰플_전체__상품상세&t_number=802,대신 이 상품은 어떤가요?,4.5,통통미,복합성 | 웜톤 | 잡티 | 미백,5,출산후 피부가 푸석하고 잡티뿐만 아니라 기미도 올라와 관리가 필요하겠다 싶더라구요. 비타민 c앰플과 콜라겐을 꾸준히 먹기 시작했는데 효과가 미비하게 있긴하더라구요. 베리홉 에잇 데이즈는 기존 사용하던 제품들에비해 비타민 함량이 굉장히 높아요. 그만큼 자극은 더 있었으나 효과는 제대로네요. 👍 열흘쯤 사용하니 확실히 피부톤이 밝아지고 정돈됨을 느낄수 있었어요. 그보다 더욱 마음에 드는건 잡티가 좀 희미해짐을 느낄수 있었어요. 완전 없어지진 않지만 그래도 뭔가 옅어진것 같아 피부가 좀더 깨끗해 보여요. 제형이 샛노랗고 무거운 편입니다. 흡수가 더디긴하지만 피부막을 형성해줘요. 바르고 나면 끈적이지 않아 좋아요. 요즘 같은 날씨 바르고나면 추가적으로 크림을 발라주지 않아도 건조해지지 않아요. 지성보다는ㅈ건성이신 분들에게 잘 맞을것 같아요. 미백. 잡티에 고민이신 분들께는 완전 강추 👍
803,https://www.oliveyoung.co.kr/store/goods/getGoodsDetail.do?goodsNo=A000000166511&dispCatNo=100000100010014&trackingCd=Cat100000100010014_Small&t_page=카테고리관&t_click=에센스/세럼/앰플_전체__상품상세&t_number=803,대신 이 상품은 어떤가요?,4.8,송죽매,복합성 | 쿨톤 | 미백,5,"🫒파넬 시카마누 92세럼 리필기획 후기 🌿용량 : 30ml. 🌿구성 : 본품30ml+스포이드 없는 리필병 30ml+리필팩 15ml. 🌿가격 : 27000원~30000원. 🌿색상 : 쑥색. 🌿제형 : 적당히 되직한 쫀쫀 꿀제형. 🌿향 : 진한 시카(병풀추출물)향. 향이 강한 편임. 🌿권장피부 : 민감성, 트러블성 파부, 복합성, 지성, 건성. 🌿권장계절 : 사계절, 여름, 가을, 겨울. ●구매이유 -🌾행사로 기획구성이 좋고, 유튜버 준돌님이 추천하는 영상보고 한 번 구매하고 싶어서. ■제품장점 및 특징 -🪴병풀추출물과 마데카소사이드가 들어 있어 향도 진하고 화함도 진함. 향과 화함 때문에 호불호 갈림. -🪴뉴질랜드산 마누카꿀과 파넬의 독자성분인 시카마누 바이옴은 피부진정, 보습에 특화된 최적의 성분임. 락토바실러스발효물, 마누카잎추출물등 함유. -🪴하이퍼 리포좀 공법적용으로 유효성분의 피부 흡수율은 높이고, 피부 단계별로 자극없이 전달함. -🪴4주 솔루션으로 피부요철, 트러블을 개선함. -🪴화장솜에 92세럼을 듬뿍 적셔서 고민부위에 5분만 놔줘도 좋음. -🪴홍조피부가 개선되고 열감이 내려감. -🪴숙면한 듯한 피부 완성. -🪴92세럼이란 명칭은 함량표기법 변경전 92%였고 현재의 성분배합은 달라서 그 의미는 아님. -🪴논코메도제닉 테스트 완료 제품. -🪴불가리쑥오일, 메도우폼씨오일올리브오일, 올리브오일 함유됨. ■제품단점 -🌿제품의 향과 농도가 진해서 호불호가 갈릴 수 있고, 처음 적응시 자극이 약간 느껴질 수 있으며, 리필병은 스포이드가 없어서 조금 불편함. ■제품총평 -🪴처음에 화한 느낌과 향이 강할 수 있으나 적응을 좀 하고 하면 바를 때마다 상쾌하고 시원하며 차분하게 가라앉는 피부를 발견할 수 있음. 홍조, 트러블에 좋은 세럼. ⭐️별5점 5 [세상의 도의는 땅에 떨어지고, 성실리뷰어는 도탄에 빠진 지금 11월부터 송죽매 후기는 이제 체험단 제품 말곤 발색샷 없슴돠. 제 후기는 26년 1월 한달리뷰를 끝으로 없슴돠. 쇠빠지게 사진올리고 발색샷 찍어봤자 개고생, 노력해봤자 개ㅎㄱ 리뷰 쓴다고 한 후기당 50분을 투자하고 (사진찍고, 편집하고, 글쓰고) 내허리만 아프고, 고생은 ㅈㄴ하고 한두 줄의 글만 있고 사진없는 품앗이 군단이 점령하여, 내 글은 밑으로 쭈욱쭉. 내 사진, 내 글 보고 도움 받고 좋아요는 덜누르는 사람많은 이곳엔, 한두 줄의 품앗이 군단이 점령하는 것은 당연지사. 재주 부리는 곰은 이젠 그만. 리얼리티가 있는 후기는 이젠 BYE. 그래도 송죽매 후기를 그간 좋아요 눌러준분들께 무한감사를 보냄돠]"
803,https://www.oliveyoung.co.kr/store/goods/getGoodsDetail.do?goodsNo=A000000166511&dispCatNo=100000100010014&trackingCd=Cat100000100010014_Small&t_page=카테고리관&t_click=에센스/세럼/앰플_전체__상품상세&t_number=803,대신 이 상품은 어떤가요?,4.8,머리조심,트러블성 | 여름쿨톤 | 트러블 | 피지과다,5,좋아요 순하고 제형도 겨울에 세럼으로 쓰기 좋구요 근데 바이럴처럼 한달 섯다고 엄청난 애기피부!!꿀광!!여드름 박멸!!이 느낌은 없어요 ㅎㅎ 그냥그저 쓸만한 세럼 그 이상 이라도 아닌느낌 그래도 그런효과에 대한 기대만 버려도 좋은세럼인듯합니다
803,https://www.oliveyoung.co.kr/store/goods/getGoodsDetail.do?goodsNo=A000000166511&dispCatNo=100000100010014&trackingCd=Cat100000100010014_Small&t_page=카테고리관&t_click=에센스/세럼/앰플_전체__상품상세&t_number=803,대신 이 상품은 어떤가요?,4.8,부그,지성 | 쿨톤 | 잡티,5,밤에 바르는세럼으로사용하고있습니다 약간매근해지는세럼
803,https://www.oliveyoung.co.kr/store/goods/getGoodsDetail.do?goodsNo=A000000166511&dispCatNo=100000100010014&trackingCd=Cat100000100010014_Small&t_page=카테고리관&t_click=에센스/세럼/앰플_전체__상품상세&t_number=803,대신 이 상품은 어떤가요?,4.8,징쎈,민감성 | 봄웜톤 | 트러블 | 민감성,5,처음 써보는 건데 피부 진정에 좋다고 해서 구매했아요 기획세트라 풍성해서 즇네요
803,https://www.oliveyoung.co.kr/store/goods/getGoodsDetail.do?goodsNo=A000000166511&dispCatNo=100000100010014&trackingCd=Cat100000100010014_Small&t_page=카테고리관&t_click=에센스/세럼/앰플_전체__상품상세&t_number=803,대신 이 상품은 어떤가요?,4.8,주구치,건성 | 여름쿨톤 | 잡티 | 미백,5,진짜 이거 쓰고나서 트러블 올라온적 한번도 없어요 수분감도 적당하고 흡수도 잘되고 진짜 진정이 미쳤어요.....존좋...
803,https://www.oliveyoung.co.kr/store/goods/getGoodsDetail.do?goodsNo=A000000166511&dispCatNo=100000100010014&trackingCd=Cat100000100010014_Small&t_page=카테고리관&t_click=에센스/세럼/앰플_전체__상품상세&t_number=803,대신 이 상품은 어떤가요?,4.8,초코딸기a,건성 | 웜톤 | 잡티 | 미백,5,"✅요즘 제일 고민이었던 피부 속건조랑 홍조도 잘 잡아주고, 피부결이 부들부들해져서 재구매 의사 100%인 파넬 진정세럼❤️ 💚제형 옅은 연두색 빛깔의 점성이 살짝 느껴지는 쫀쫀한 세럼 제형이에요. 따로 냉장보관을 하지 않아도 처음 발랐을 때 쿨링감이 살짝 느껴져요! 처음 손등에 덜었을 때는 다른 세럼보다 무거운 느낌이었는데, 흡수력이 좋아서 펴바르고 나면 끈적거림 없이 촉촉하고 쫀쫀한 느낌만 남아서 너무 만족스러웠어요👍🏻 💚사용효과 요즘 찬바람이랑 히터 때문에 홍조랑 속건조가 심해져서 고민이 많았는데, 5일정도 사용해보니까 홍조도 줄어들고 확실히 속건조를 잘 잡아줘서 너무 만족스러워요🥰👍🏻 속보습을 잘 채워줘서 그런지 바르고 나면 피부에 살짝 광도 나고, 무엇보다 밤에 바르고 자면 다음날 피부결이 부들부들해져서 너무 좋아요❤️ 흡수력도 좋아서 아침에 화장할 때도 밀리지 않아서 좋았어요! 💚향 풀향(숲향)에 청량한 느낌이 살짝 들어간 향이에요🌿 향료가 첨가되어있지 않아서 원료향인 것 같은데, 인공적인 향이 아니어서 좋았어요! 💚혜자 구성 본품 30ml + 리필 30ml + 미니 15ml -> 총 75ml 로 대용량 기획세트 구성이어서 이번 겨울동안 넉넏하게 사용할 것 같아요😊 게다가 미니사이즈 15ml도 들어있어서 여행 갈 때 아주 유용하게 사용할 것 같아요❤️"
803,https://www.oliveyoung.co.kr/store/goods/getGoodsDetail.do?goodsNo=A000000166511&dispCatNo=100000100010014&trackingCd=Cat100000100010014_Small&t_page=카테고리관&t_click=에센스/세럼/앰플_전체__상품상세&t_number=803,대신 이 상품은 어떤가요?,4.8,프레싀영,복합성 | 여름쿨톤 | 각질 | 트러블,5,꾸준히 사용하는 제품이에요. 꾸떡한 질감이지만 문지르면 금방 스며들고 진정에 괜찮은 제품.
803,https://www.oliveyoung.co.kr/store/goods/getGoodsDetail.do?goodsNo=A000000166511&dispCatNo=100000100010014&trackingCd=Cat100000100010014_Small&t_page=카테고리관&t_click=에센스/세럼/앰플_전체__상품상세&t_number=803,대신 이 상품은 어떤가요?,4.8,엔코,복합성 | 웜톤 | 트러블 | 민감성,5,색상부터 초록색이라 여드름에 좋을 것 같이 보이고 실제로도 진정효과가 생각보다 좋았어요!
803,https://www.oliveyoung.co.kr/store/goods/getGoodsDetail.do?goodsNo=A000000166511&dispCatNo=100000100010014&trackingCd=Cat100000100010014_Small&t_page=카테고리관&t_click=에센스/세럼/앰플_전체__상품상세&t_number=803,대신 이 상품은 어떤가요?,4.8,서현씅,복합성 | 웜톤 | 미백 | 블랙헤드,5,계속 사용해보니 피부가 변화하는 것 같았고 사계절 사용하기 좋은 제품입니다. 갠적으로 마데카소사이드 세럼이랑 같이 쓰면 좋을 것 같아요!
803,https://www.oliveyoung.co.kr/store/goods/getGoodsDetail.do?goodsNo=A000000166511&dispCatNo=100000100010014&trackingCd=Cat100000100010014_Small&t_page=카테고리관&t_click=에센스/세럼/앰플_전체__상품상세&t_number=803,대신 이 상품은 어떤가요?,4.8,나여여영,지성 | 봄웜톤 | 민감성,5,기획세트 너무 좋구~ 미니로 나온거 여행갔을때 썼는데 이런 미니미니? 너무좋아요 진정도잘되고 요즘 맨날 써요!!
803,https://www.oliveyoung.co.kr/store/goods/getGoodsDetail.do?goodsNo=A000000166511&dispCatNo=100000100010014&trackingCd=Cat100000100010014_Small&t_page=카테고리관&t_click=에센스/세럼/앰플_전체__상품상세&t_number=803,대신 이 상품은 어떤가요?,4.8,쥬디쥬디,복합성 | 여름쿨톤 | 잡티 | 미백,5,파넬 세럼 예전부터 사보고 싶었는데 이번에 할인도 많이하구 기획도 좋아서 구매해봤습니다..! 몇번 안쓰긴했는데 아직까지는 무난하게 괜찮은거 같아요 계속 꾸준히 써볼려구요!
803,https://www.oliveyoung.co.kr/store/goods/getGoodsDetail.do?goodsNo=A000000166511&dispCatNo=100000100010014&trackingCd=Cat100000100010014_Small&t_page=카테고리관&t_click=에센스/세럼/앰플_전체__상품상세&t_number=803,대신 이 상품은 어떤가요?,4.8,프레싀영,복합성 | 여름쿨톤 | 각질 | 트러블,5,두 병 사용하고 좋아서 또 구매해요. 어성초는 안 맞는데 시카 잘 맞는 사람이 사용하기 좋아요. 꾸덕한 질감이지만 잘 스며요. 약초 냄새나는데 거슬리지 않아요. 바른다고 바로 트러블이 없어지는 건 아니지만 진정되는 게 느껴져요.
803,https://www.oliveyoung.co.kr/store/goods/getGoodsDetail.do?goodsNo=A000000166511&dispCatNo=100000100010014&trackingCd=Cat100000100010014_Small&t_page=카테고리관&t_click=에센스/세럼/앰플_전체__상품상세&t_number=803,대신 이 상품은 어떤가요?,4.8,라넌,복합성 | 여름쿨톤 | 잡티 | 각질,3,"한 3일 써봤지만 지성피부랑 수부지는 비추천 합니다 ,, 제형이 너무 무거워요 마무리도 좀 끈적하게 마무리 되고 흡수가 빠른편도 아닙니다 ,, 케바케라고 하지만 여름에는 더더욱 바르면 안될거 같고 겨울인 지금도 딱히 ,, 사진은 제형감 비교로 브링그린 징크테카가 훨씬 묽어요"
803,https://www.oliveyoung.co.kr/store/goods/getGoodsDetail.do?goodsNo=A000000166511&dispCatNo=100000100010014&trackingCd=Cat100000100010014_Small&t_page=카테고리관&t_click=에센스/세럼/앰플_전체__상품상세&t_number=803,대신 이 상품은 어떤가요?,4.8,소소냥냥,복합성 | 봄웜톤 | 피지과다,5,모르겠어요!!!! 눈에 확 띄는 변화 없음. 한 달 사용했는데도 여드름 진정 모르겠음. 얘만 바르고 자려고 레이어링하면 때처럼 뭍어남
803,https://www.oliveyoung.co.kr/store/goods/getGoodsDetail.do?goodsNo=A000000166511&dispCatNo=100000100010014&trackingCd=Cat100000100010014_Small&t_page=카테고리관&t_click=에센스/세럼/앰플_전체__상품상세&t_number=803,대신 이 상품은 어떤가요?,4.8,피그래빗,민감성 | 봄웜톤 | 잡티 | 트러블,5,엄청 잘 쓰고있는거라 할인할때 하나 더 사뒀어요! 저는 이거 아침저녁으로 바르면 1병가지고 한 2주 정도 쓰는것같아용
803,https://www.oliveyoung.co.kr/store/goods/getGoodsDetail.do?goodsNo=A000000166511&dispCatNo=100000100010014&trackingCd=Cat100000100010014_Small&t_page=카테고리관&t_click=에센스/세럼/앰플_전체__상품상세&t_number=803,대신 이 상품은 어떤가요?,4.8,반짝올영,민감성 | 겨울쿨톤 | 잡티 | 미백,5,파넬 시카 세럼 진정에 좋은제품이네요 저녁에 흡수시키고 취침하면 좋더라구요
803,https://www.oliveyoung.co.kr/store/goods/getGoodsDetail.do?goodsNo=A000000166511&dispCatNo=100000100010014&trackingCd=Cat100000100010014_Small&t_page=카테고리관&t_click=에센스/세럼/앰플_전체__상품상세&t_number=803,대신 이 상품은 어떤가요?,4.8,반짝올영,민감성 | 겨울쿨톤 | 잡티 | 미백,5,파넬 리필까지 들어있고 연두색세럼이 쫀쫀한 느낌이예요 진정에좋아요
803,https://www.oliveyoung.co.kr/store/goods/getGoodsDetail.do?goodsNo=A000000166511&dispCatNo=100000100010014&trackingCd=Cat100000100010014_Small&t_page=카테고리관&t_click=에센스/세럼/앰플_전체__상품상세&t_number=803,대신 이 상품은 어떤가요?,4.8,융이야,건성 | 봄웜톤 | 미백 | 주름,5,처음에는 점도가 좀 높은 느낌이어서 겉도는 느낌이 든다 생각했지만 은근 흡수도 빠르고 레이어링 해서 바르면 좋은 것 같아요. 순하고 진정 되는 느낌이라 손이 자주 갑니다.
803,https://www.oliveyoung.co.kr/store/goods/getGoodsDetail.do?goodsNo=A000000166511&dispCatNo=100000100010014&trackingCd=Cat100000100010014_Small&t_page=카테고리관&t_click=에센스/세럼/앰플_전체__상품상세&t_number=803,대신 이 상품은 어떤가요?,4.8,오야지,트러블성 | 겨울쿨톤 | 잡티 | 미백,5,촉촉하니 괜충한 덧 같아여 파넬 원래 좋아해서 믿고 구매함 ㅎ
803,https://www.oliveyoung.co.kr/store/goods/getGoodsDetail.do?goodsNo=A000000166511&dispCatNo=100000100010014&trackingCd=Cat100000100010014_Small&t_page=카테고리관&t_click=에센스/세럼/앰플_전체__상품상세&t_number=803,대신 이 상품은 어떤가요?,4.8,오율,복합성 | 봄웜톤 | 각질 | 블랙헤드,5,저는 수부지 민감성 피부입니다. 민감성이라 뭐 좀만 잘못바르면 금방 피부가 따갑고 빨개져서 아무거나 못써요ㅠㅠ 네고왕에서 할인하길래 사봤는데 좋았습니다! 일단 제형은 콧물같은 점성이 있는 제형이고 향은 시카 성분이 들어있는 앰플이나 크림에서 나는 그런 풀향이 납니다. 화농성 여드름이 나서 이거 바르고 다음날 일어났는데 여드름이 좀 잠잠해졌어요. 여드름이나 진정 효과는 확실히 있는 거 같습니다. 여드름이 올라왔다? 혹은 올라오려고 한다? 하시면 이 세럼 바르고 주무십쇼. 3일이내로 잠잠해집니다!!
803,https://www.oliveyoung.co.kr/store/goods/getGoodsDetail.do?goodsNo=A000000166511&dispCatNo=100000100010014&trackingCd=Cat100000100010014_Small&t_page=카테고리관&t_click=에센스/세럼/앰플_전체__상품상세&t_number=803,대신 이 상품은 어떤가요?,4.8,yuuuzz,복합성 | 봄웜톤,5,진짜개조아요 보습력도 짱짱하고 진정도 잘먹음 성ㅂ에ㄷ터 모공세럼이랑 궁합좋음
803,https://www.oliveyoung.co.kr/store/goods/getGoodsDetail.do?goodsNo=A000000166511&dispCatNo=100000100010014&trackingCd=Cat100000100010014_Small&t_page=카테고리관&t_click=에센스/세럼/앰플_전체__상품상세&t_number=803,대신 이 상품은 어떤가요?,4.8,쑤쑤라이프,복합성 | 봄웜톤 | 잡티 | 트러블,5,✨ 피부 트러블이 심해지면서 고민이 많았는데 추천받아 구매했어요! (ง •_•)ง 민감성이라 진정 세럼을 써도 효과를 잘 못 보는 편인데 파넬 시카마누는 바를 때 따갑지 않고 촉촉하게 스며들어서 첫 사용감부터 마음에 들었어요!! 발랐을 때 전혀 건조하지 않고 부드럽게 흡수돼서 피부결이 점점 깔끔해지고 자연스럽게 광도 돌아서 거울 볼 때마다 기분이 좋아지더라구요 (╹ڡ╹ ) (트러블 심해졌을 땐 거울도 잘 안 봤던 사람이예요….) 원래 트러블도 자주 나는 데다가 흉터도 남아 있는 피부라 확 달라지진 않지만 트러블 자국이 조금씩 옅어지는 느낌이 있었고 주변에서 “피부 좋아졌다”는 말도 들어서 뿌듯했어요 (´▽`ʃ♡ƪ) 진정만 되는 게 아니라 보습까지 같이 잡아줘서 데일리로 쓰기 좋았고 은은한 시카향도 건강하게 관리하는 느낌이라 너무 마음에 들어요🤍 🐣 저처럼 예민하고 트러블 있는 피부에 잘 맞는 제품 같아요! ✔ 향은 은은한 편이지만 향에 민감한 분들은 호불호가 있을 수 있을 것 같아요!!
803,https://www.oliveyoung.co.kr/store/goods/getGoodsDetail.do?goodsNo=A000000166511&dispCatNo=100000100010014&trackingCd=Cat100000100010014_Small&t_page=카테고리관&t_click=에센스/세럼/앰플_전체__상품상세&t_number=803,대신 이 상품은 어떤가요?,4.8,풍키,복합성 | 가을웜톤 | 트러블 | 블랙헤드,5,"수부지 타입이라 번들거리는 제품을 싫어하는데 이 제품은 점성이 있으나 바르고 흡수시키고 나면 끈적거리지 않아서 좋았어요 바르고 나면 피부가 편한 느낌이에요 속보습도 어느정도 잘 잡아주는 것 같아요 가을, 겨울, 환절기에 사용하기 좋을 것 같고 개인적으로 시카 성분이 잘 맞아서 만족하면서 사용하고 있습니다!"
803,https://www.oliveyoung.co.kr/store/goods/getGoodsDetail.do?goodsNo=A000000166511&dispCatNo=100000100010014&trackingCd=Cat100000100010014_Small&t_page=카테고리관&t_click=에센스/세럼/앰플_전체__상품상세&t_number=803,대신 이 상품은 어떤가요?,4.8,멩롱낭,중성 | 잡티 | 미백,5,진정 세럼으로 너무너무 유명하길래 궁금해서 직접 써봤음 ! 시카 성분이 너무 잘맞는지라 기대감 굉장히 넘치는 상태에서 사용하게 됐어요 일단 제형은 진정에 좋은 성분을 잔뜩 때려박았을 거 같은 색깔과 되직한 느낌이 들더라구요 근데 또 되직한 것에 비해 끈적함은 없이 촉촉하게 잘 발려요 확실히 진정감도 좋은 거 같아요 환절기라서 조금씩 트러블 올라오려고 하는 것들 사전에 진정되면서 들어감 마무리감도 좋아서 낮밤 상관없이 사용하려구요 !
803,https://www.oliveyoung.co.kr/store/goods/getGoodsDetail.do?goodsNo=A000000166511&dispCatNo=100000100010014&trackingCd=Cat100000100010014_Small&t_page=카테고리관&t_click=에센스/세럼/앰플_전체__상품상세&t_number=803,대신 이 상품은 어떤가요?,4.8,올영티티,민감성 | 여름쿨톤 | 각질 | 트러블,5,🤍💚멜라토닌+마데카소사이드 꿀잠 세럼💚🤍 파넬 시카마누 92세럼은 피부가 예민하거나 자극받아서 붉을 때 홍조 진정 효과가 좋드라고요 지금 올영 기획 가성비 굿입니다 2만초반대 여행용도하나있고 리필도 동일용량 들어있어요 아주연한 연두색인데 바르자마자 시원함이 느껴지고 세럼이 약간 쫀쫀 느낌이 살짝 있어도 다음에 바르는 크림들과도 잘 어울려요 아 ! 메이크업 쿠션 안밀려요~ 사용 후 피부결 정돈이랑 속건조인데 속당김이 줄어드는 게 느껴져요 여러 세럼들 많이 쓰고있는 홍조인인데 파넬 시카세럼이 피부톤이 맑아지고 균일해지는 느낌이예요 그리고 세럼인데 멜라토닌 들어있는거 넘신기해요👍🏻 트러블 홍조 진정세럼으로 주변에 추천해줄만한 세럼이에요🫶🏻🙆🏻‍♀️🙇🏻‍♀️
803,https://www.oliveyoung.co.kr/store/goods/getGoodsDetail.do?goodsNo=A000000166511&dispCatNo=100000100010014&trackingCd=Cat100000100010014_Small&t_page=카테고리관&t_click=에센스/세럼/앰플_전체__상품상세&t_number=803,대신 이 상품은 어떤가요?,4.8,올영천사,복합성 | 쿨톤 | 잡티 | 미백,5,"제형은 약간 묽고 쫀쫀한 제형이에요 그리고 향은 호불호가 살짝 있을수 있는 향이에요 한방느낌이 나는 뭔가 피부가 좋아질것만같은 향이여서 저는 특이하고 꽤 나쁘지않았어요! 끈적거림도 걱정이 많았는데 피부에 바르고나서 몇분뒤에 흡수력이 굉장히 좋더라구요 피부가 쫀쫀해지는 느낌이에요 피부가 예민하고 붉은기가 올라올때 발랐는데 피부진정에 도움이 많이되는거같아요! 특히 울긋불긋 올라온 부분 중심적으로 바르고나면 톤과 결이 싹 정리되는거같아요 데일리 진정케어로 쓰기 좋고,피부 예민한날에 응급세럼처럼 꺼내 쓰기에도 꽤 제품력이 좋아요! ദ്ദി* ॑˘ ॑* ）"
803,https://www.oliveyoung.co.kr/store/goods/getGoodsDetail.do?goodsNo=A000000166511&dispCatNo=100000100010014&trackingCd=Cat100000100010014_Small&t_page=카테고리관&t_click=에센스/세럼/앰플_전체__상품상세&t_number=803,대신 이 상품은 어떤가요?,4.8,제림,건성 | 겨울쿨톤 | 민감성,5,"1년동안 광고보고 살말 고민하다 저번 올영세일 때 구매하고 이번에 또 재구매한 후기 남깁니다!! 스킨케어 집착녀의 찐 리뷰입니다 저도 처음엔 맨날 인스타 광고에 떠서 의심했는데 직접 써본 뒤 느낀점 알려드릴게요 😇 우선 저는 극민감성 (유기자차도 못 쓰는..) 에 건성입니다. 스킨케어를 잘 해줘도 피부가 다 먹어버리는 타입이니 참고해주세요! 제가 느낀 장점과 궁금하실 만한 점 몇 가지 적어보자면 1. 효과 가장 중요한 효과입니다. 우선 저는 진정/보습 목적으로 샀는데 시카랑 꿀이 들어가 있어서 피부가 쫀쫀해짐과 동시에 마일드하게 진정이 돼요! 자극은 하나도 없으나 특유의 향이 느껴집니다. 살짝 꿀+허브향?이에요. 생각보다 보습이 되게 잘 돼서 놀랐고 멜라토닌도 들어가 있어서 나이트 케어용으로 쓰면 다음 날 피부가 보들보들해지는 게 너무 좋아요 매끈 깐달걀이 돼..피부가 당겨서 가렵거나 불편하신 분 트러블이 고민이신 분들께 강추합니다!! 2. 제형 매장에서 테스트 많이 해봤지만 얼굴에 바르니까 정말 점도 있고 쫀쫀하니 보습력이 대박입니다.. 다른 진정 세럼은 보통 굉장히 수분감있고 가벼운데 이건 속부터 겉까지 꽉 채워주는 느낌이라 저처럼 단순 수분감만 채워서는 부족하신 건성 중성분들이 좋아하실 제형이에요! 색상이 초록색이라 걱정했는데 전성분 보니 향료나 색소가 없어서 너무 좋았어요 🥹 불필요한 성분 안 넣어줘서 땡큐쏘마취.. 3. 사용 후 피부 컨디션 변화/자극감 저는 구매 전 이 부분이 제일 걱정됐는데요..! 너무 사고 싶었지만 혹시나 쓰고 뒤집어지진 않을지, 자극이 있어서 트러블이 생기거나 따갑진 않을지를 가장 먼저 걱정하는 민감 피부라 매장에서 패치 테스트까지 해본 뒤 샀는데 우선 다행히 자극은 하나도 없습니다! 다만 꿀이 들어가 있다보니 꿀 알러지나 꿀 성분이 안 맞는 분들은 자극이 느껴지실 수도 있어요. 저는 괜찮았습니다. 일단 신기한 게 이거 쓴 다음 날은 요철이 좀 안 보이는 느낌이에요 피부가 반질반질..✨ 혹시 살말 고민 중이시라면 근처 올영 가셔서 테스터 제품 팔 안 쪽이랑 귀 뒤쪽에 발라보시고 문제 없으시면 구매하시는 거 추천드려요! 마지막으로 사용 중 사진과 다음 날 점심 쯤 찍은 사진 첨부합니다 🤍 구매에 도움이 되시길 바라요! 제가 같이 올린 사진보시면 아시겠지만 스킨케어 제품을 사랑하고 피부관리에 진심인 여자로서 현명한 구매 되시고 다들 꿀피부 되어보자구요 🫶🏻 이 리뷰 보시는 분들 다 좋은 하루 보내시고 트러블의 ‘트’자도 모를 정도로 건강한 피부 되시길!! 첨부 사진 1-2번 째: 세럼 사용 직전, 3-4번 째: 다음 날 피부입니다 :) 6번 째 사진은 3일 정도 썼는데 벌써 저만큼 썼다는 인증샷,,"
803,https://www.oliveyoung.co.kr/store/goods/getGoodsDetail.do?goodsNo=A000000166511&dispCatNo=100000100010014&trackingCd=Cat100000100010014_Small&t_page=카테고리관&t_click=에센스/세럼/앰플_전체__상품상세&t_number=803,대신 이 상품은 어떤가요?,4.8,노올자또노올자,트러블성 | 트러블 | 모공,5,막 즉각적으로 개좋다!! 이건 아니지만 꾸준히 발라주면 좋아요. 일단 바르자마자 피부가 완전 꾸덕꾸덕~ 결이 좋아짐!! 화장하기 전에 발라본적은 없고 저녁 스킨케어 단계에 발라줘용. 첨부한 사진에 엄청 많이 쓴거 보이시죠 ㅎㅎㅎ 재구매 할 마음… 한… 70% 정도? 담엔 화장 전에도 써보고 리뷰 다시 한 번 남겨보겠습니다앙!!!
803,https://www.oliveyoung.co.kr/store/goods/getGoodsDetail.do?goodsNo=A000000166511&dispCatNo=100000100010014&trackingCd=Cat100000100010014_Small&t_page=카테고리관&t_click=에센스/세럼/앰플_전체__상품상세&t_number=803,대신 이 상품은 어떤가요?,4.8,현실적인딥쿨톤,약건성 | 쿨톤 | 잡티 | 미백,5,나이41 악건성 홍조 짙은 기미 트러블자국 가끔 환장하게 뒤짐어짐 더불어 민감함은 플러스 얘들아 언니가 누누히 말했잖아 지성에게 브링 그린 티트리가 있다면 우리 건성에겐 파넬 시카마누가 있다!!!! 아무리 브링그린 티트리가 진정 성분이 좋다 하더라도 우리 건성들에겐 징크 성분이 너무 안 맞어 또한 레이어링을 해도 피부가 너무 바짝 말라 근데 이 파넬은 진정을. 넘어서 피부가 스파 받는 느낌이야~ 저녁에 바르고 자면 아침에 그렇게 피부에서 광이 날 수가 없어~ 이 언니가 염증성 여드름일 때 정말 이 제품으로 버텼다 이걸 재구매하면서 이 리뷰를 또 써야 한다니 또 써야지 좋은데 지금 겨울이야. 우리 건성 악건성은 필수품으로 쟁여놔야 돼. 그럼 오늘도 구매하기 전 이 언니의 글을 읽고 도움이 됐다면 버튼 한번 눌러줘
803,https://www.oliveyoung.co.kr/store/goods/getGoodsDetail.do?goodsNo=A000000166511&dispCatNo=100000100010014&trackingCd=Cat100000100010014_Small&t_page=카테고리관&t_click=에센스/세럼/앰플_전체__상품상세&t_number=803,대신 이 상품은 어떤가요?,4.8,또사야지,복합성 | 쿨톤 | 잡티 | 블랙헤드,5,"숙면이 부족한 아이돌이 피부관리를 위해 사용한다는 숙면세럼 시카마누 구매해봤어요~ 청담샵에서도 픽한 세럼이니 구매해보고싶더라구요! 워낙 인기가 많아서 품절대란도 4개월이라니..꼭 써봐야겠다 싶어서 기다리고 기다렸다 구매하고 드디어 써보네요! 급속 진정 꿀광 부스팅이 모두 가능한 그러한 세럼이예요! 마데카소사이드, 세라마이드엔피, 멜라토닌 등 진정 시너지 성분을 듬뿍담아서 가능하다고 하네요~ 끈적이지 않은 쫀쫀한 제형도 아주아주아주 마음에들어요! 최근들어 화장대에 파넬 제품이 많아지고있는데 효과만점이라 더많이 구매하고싶네요~ 4주동안 꾸준히 파넬과 함께해보고 피부 근본개선 들어갑니다:)"
803,https://www.oliveyoung.co.kr/store/goods/getGoodsDetail.do?goodsNo=A000000166511&dispCatNo=100000100010014&trackingCd=Cat100000100010014_Small&t_page=카테고리관&t_click=에센스/세럼/앰플_전체__상품상세&t_number=803,대신 이 상품은 어떤가요?,4.8,김겸둥,복합성 | 봄웜톤 | 블랙헤드 | 모공,5,올영 세일 때마다 쟁이는 필수 구매템입니다! 기초하는 거 귀찮아하는데 이거 하나 바르고 광명 찾았어용 바르기도 쉽고 바르자마자 피부가 쫜쫜 탱글해지는 느낌이에요!! 진정도 잘 되는 것 같고 요철 정리에도 효과 좋은 것 같아용 당연히 내돈내산이고 지금 한 5통째 비우고 또 구매했어요!!! 피부 예민한 편인데 젤 잘 맞아서 쓰는즁입니다 추청추천
803,https://www.oliveyoung.co.kr/store/goods/getGoodsDetail.do?goodsNo=A000000166511&dispCatNo=100000100010014&trackingCd=Cat100000100010014_Small&t_page=카테고리관&t_click=에센스/세럼/앰플_전체__상품상세&t_number=803,대신 이 상품은 어떤가요?,4.8,올영꼼꼼이,민감성 | 가을웜톤 | 민감성 | 모공,5,-민감성 피부의 실구매 올리브영 찐아이템!!!!- 파넬 시카마누 92 세럼 사용 후기입니다!! 다른 시카세럼들과 비교한 부분도 써봤으니 참고해 주세요 가격은 약 2만원 초중반대로 쿠폰 적용하면 좀더 내려가서 부담 없이 구매했습니다 ㅎㅎ무려75미리.. 올리브영 매장구매 했는데 겉돌지않고 흡수력 좋아서 트러블 직후에도 자극 없이 쓸 수 있을 것 같았어요 아침저녁으로 사용중이고 좁쌀이나 트러블 올라왔을 때 집중적으로 두 번 덧발라줬어요 - 사용 후 느낌 트러블성 민감성 피부에게 진정용으로 추천할 만한 세럼입니다 특히 마스크트러블 피부 열감 좁쌀 올라올 때 즉각적으로 효과 느낄 수 있었습니다 가을.. 겨울엔 조금 가볍게 느껴질 수도 있습니다(+크림 덧바르기) 용량이 30ml라 하루 2번 꾸준히 쓰면 한 달 반 정도면 금방 비워질것 같아요 올영 기획 리필있어서 3달 걱정 없겠네요 민감성 진정 세럼 중에서는 저랑 제일 잘 맞는 제품이었습니다 피부가 예민해졌고 진정 필요한데 뭐 발라야 할지 모르겠다??? 하는 분들께 특히 추천드립니다
803,https://www.oliveyoung.co.kr/store/goods/getGoodsDetail.do?goodsNo=A000000166511&dispCatNo=100000100010014&trackingCd=Cat100000100010014_Small&t_page=카테고리관&t_click=에센스/세럼/앰플_전체__상품상세&t_number=803,대신 이 상품은 어떤가요?,4.8,뽐모뽐모,건성 | 웜톤 | 잡티 | 트러블,5,"에센스가되게 진득거리게 생긴 농축되어보이는 내용물이였지만 예상과는달리 펴발랐을때 편안하게 적당히 보습되는 느낌에 건조하지도않았고,찝찝하지도않은 사용감이라 맘에쏙들었고, 사용후뒤집히거나 추가적으로 좁쌀도나지않아서 편안하게데일리로저녁마다 발라주고는 있는데,딱히와!!!좋다!!!!!!할만한 포인트는 아직못찾아서 더열씸히 발라보겠습니당!!!"
803,https://www.oliveyoung.co.kr/store/goods/getGoodsDetail.do?goodsNo=A000000166511&dispCatNo=100000100010014&trackingCd=Cat100000100010014_Small&t_page=카테고리관&t_click=에센스/세럼/앰플_전체__상품상세&t_number=803,대신 이 상품은 어떤가요?,4.8,lulululalalah,건성 | 가을웜톤 | 잡티 | 트러블,5,* 민감성 피부는 아닌데 얼굴에 한달에 한번꼴로 트러블이 나는 편이라 미리 예방차원에서 시카세럼이나 크림 발라주고 있어요!! * 제형은 물 에센스보다는 조금 점고가 있는 편이고 두드려주면 금방 흡수되는 편이에요!! * 특유의 시카향은 살짝 있는 편입니다!!
803,https://www.oliveyoung.co.kr/store/goods/getGoodsDetail.do?goodsNo=A000000166511&dispCatNo=100000100010014&trackingCd=Cat100000100010014_Small&t_page=카테고리관&t_click=에센스/세럼/앰플_전체__상품상세&t_number=803,대신 이 상품은 어떤가요?,4.8,코코천사,복합성 | 겨울쿨톤 | 잡티 | 미백,5,"올영세일인데다 워낙 리뷰가 좋아 진정용 세럼으로 구입했어요. 1+1에 15ml까지 … 정말 역대급 혜택이라 구입 안 할 수가 없었거든요. 스포이드 타입이라 위생적이고, 바르자 마자 푸석푸석하고 건조한 피부가 찐득한 꿀세럼임애도 끈적임없이 쫀득쫀득해지면서 바로 피부가 부드러워지는 게 느껴져요."
803,https://www.oliveyoung.co.kr/store/goods/getGoodsDetail.do?goodsNo=A000000166511&dispCatNo=100000100010014&trackingCd=Cat100000100010014_Small&t_page=카테고리관&t_click=에센스/세럼/앰플_전체__상품상세&t_number=803,대신 이 상품은 어떤가요?,4.8,곤끄,지성 | 트러블,5,정말 싸게 잘 산거 같아요 여름에는 조금 무거울 것 같은데 겨울이여서 진정에 좋고 촉촉하고 속이 전혀 건조하지 않아요
803,https://www.oliveyoung.co.kr/store/goods/getGoodsDetail.do?goodsNo=A000000166511&dispCatNo=100000100010014&trackingCd=Cat100000100010014_Small&t_page=카테고리관&t_click=에센스/세럼/앰플_전체__상품상세&t_number=803,대신 이 상품은 어떤가요?,4.8,미뇽망나뇽,복합성 | 쿨톤 | 각질 | 트러블,5,자극없이 순하고 촉촉해서 만족합니다 ㅎㅎ 좋아용 굿굿~~
803,https://www.oliveyoung.co.kr/store/goods/getGoodsDetail.do?goodsNo=A000000166511&dispCatNo=100000100010014&trackingCd=Cat100000100010014_Small&t_page=카테고리관&t_click=에센스/세럼/앰플_전체__상품상세&t_number=803,대신 이 상품은 어떤가요?,4.8,잴리탱,복합성 | 봄웜톤 | 잡티 | 트러블,5,잘 샀어요 또 살고에용 ㅎㅎ 재구매 계속~하는 제품이어용 ㅎㅎ
803,https://www.oliveyoung.co.kr/store/goods/getGoodsDetail.do?goodsNo=A000000166511&dispCatNo=100000100010014&trackingCd=Cat100000100010014_Small&t_page=카테고리관&t_click=에센스/세럼/앰플_전체__상품상세&t_number=803,대신 이 상품은 어떤가요?,4.8,본예이,민감성 | 봄웜톤 | 민감성 | 탄력,5,갑자기! 뾰루지가 몇개가 올라와사 이거 한 3-4일 발랐더니 좀 가라앉았움..!! 대신 조금의 끈적임이 있지만 저는 건성이라서 그마저도 만족했어여
803,https://www.oliveyoung.co.kr/store/goods/getGoodsDetail.do?goodsNo=A000000166511&dispCatNo=100000100010014&trackingCd=Cat100000100010014_Small&t_page=카테고리관&t_click=에센스/세럼/앰플_전체__상품상세&t_number=803,대신 이 상품은 어떤가요?,4.8,딸기달기,복합성 | 웜톤 | 잡티,5,점성이 어느 정도 있는데도 끈적이지 않고 잘 흡수돼요. 피부 진정에 도움이 되는거 같아 하루 한번씩 바르고 있어요.
803,https://www.oliveyoung.co.kr/store/goods/getGoodsDetail.do?goodsNo=A000000166511&dispCatNo=100000100010014&trackingCd=Cat100000100010014_Small&t_page=카테고리관&t_click=에센스/세럼/앰플_전체__상품상세&t_number=803,대신 이 상품은 어떤가요?,4.8,나곰,건성 | 여름쿨톤 | 미백 | 홍조,5,지금까지 써온 진정앰플 중에 제일 마음에 들어요 진정도 잘되고 적당한 보습감이 있어서 여름빼고 다 잘 사용할 거같아요! 쫀득하고 매끈하게 마무리되고 진정도 잘되오
803,https://www.oliveyoung.co.kr/store/goods/getGoodsDetail.do?goodsNo=A000000166511&dispCatNo=100000100010014&trackingCd=Cat100000100010014_Small&t_page=카테고리관&t_click=에센스/세럼/앰플_전체__상품상세&t_number=803,대신 이 상품은 어떤가요?,4.8,머리조심,트러블성 | 여름쿨톤 | 트러블 | 피지과다,5,좋아요! 다음날 피부 컨디션도 좋구 아직 엄청난 효과는 모르겠지만 꽤나 만족스러운 세럼입니다!
803,https://www.oliveyoung.co.kr/store/goods/getGoodsDetail.do?goodsNo=A000000166511&dispCatNo=100000100010014&trackingCd=Cat100000100010014_Small&t_page=카테고리관&t_click=에센스/세럼/앰플_전체__상품상세&t_number=803,대신 이 상품은 어떤가요?,4.8,아이스크림먹고싳따,복합성 | 쿨톤 | 미백 | 트러블,5,피부가 갑자기 너무 안좋아져서 피부 관리 하려고 유튜브에 세럼추천 영상 봤는데 좋다구 하길래 사봤어요 얼마 안써서 잘 모르겠긴 한데 자극 없이 발려여 오래 써보고 다시 후기 남길게욤
803,https://www.oliveyoung.co.kr/store/goods/getGoodsDetail.do?goodsNo=A000000166511&dispCatNo=100000100010014&trackingCd=Cat100000100010014_Small&t_page=카테고리관&t_click=에센스/세럼/앰플_전체__상품상세&t_number=803,대신 이 상품은 어떤가요?,4.8,큐티가이,복합성 | 쿨톤 | 잡티 | 미백,5,파넬 쿠션도 그렇고 진짜 만족하는데 제가 군대에있으면서 피부가 많이 예민해져서 시카 어성초 등등 진정 다 찾아보고 써봤는데 이만한게 진짜 없습니다...! 피부 붉거나 예민해지시는분들 꼭 써보세요--@
803,https://www.oliveyoung.co.kr/store/goods/getGoodsDetail.do?goodsNo=A000000166511&dispCatNo=100000100010014&trackingCd=Cat100000100010014_Small&t_page=카테고리관&t_click=에센스/세럼/앰플_전체__상품상세&t_number=803,대신 이 상품은 어떤가요?,4.8,꽃징어2,지성 | 웜톤 | 각질 | 블랙헤드,5,지성 트러블 홍조피부인데 진정에 좋다고 해서 파넬 시카마누 세럼 구매했습니다. ㄴ ㅔ고왕때 못사서... 아쉽지만 기획세트라서 본푼 리필 샘플까지 있어서 좋아요. 풀향 나는 연두색 점성있는 액체라 바르기 편합니다. 바르면 바로 쿨링감이 느껴집니다. 홍조 요철 부분에 집중해서 바흐고 있어요 . 대용량도 나왔으면 좋겠습니다.
803,https://www.oliveyoung.co.kr/store/goods/getGoodsDetail.do?goodsNo=A000000166511&dispCatNo=100000100010014&trackingCd=Cat100000100010014_Small&t_page=카테고리관&t_click=에센스/세럼/앰플_전체__상품상세&t_number=803,대신 이 상품은 어떤가요?,4.8,갤갤리,건성 | 웜톤 | 잡티 | 각질,5,"💚올영 메이트 2년차💚 * 광고 아님, 셔터브리티 아님, 아무것도 아닌 단순 메이트입니다!!! *피부 사진은 11/5, 11/14 입니다! 여러분을 위해 부끄럽지만… 공개해봐요!😖 진찌 모공보면 아시겟지만 보정 1도! 안 했습니다! 파넬은 아무래도 네고왕 보고 알게 되어 찾으시는 분들이 많은 편이에요! 하지만 저는,,, 이 숨겨진 파넬을 먼저 사용하고있었습니다😋 저는 피부가 매우매우,, 예민하고 건조한 수부지입니다ㅜ 최악;;(사진도 PDRN쓰고 뒤집어진 겅엥여…) 그 유명하고 좋다는 티트리랑 PDRN라인도 잘 안 맞는 이상한 사람인데요🥹 티트리랑 시카랑 둘 다 트러블에 효과가 있다고 알려진 라인이에요! 근데!!! 잘 모르시는 차이점이 있답니다!!!!! @티트리는 향균, 살균 계열이에요! 트러블 잡는 데에는 좋지만 저처럼 피부가 얇거나 민감하신 분들은 바른 후 자극이 세거나 건조하다고 느끼실 수도 있어요‼️ @시카는 진정, 보습 계열이에요! 피부 장벽을 강화시켜주고, 붉은기랑 예민함도 같이 잡아준다고 생각하시면 됩니다! 자극이 거의 없어서 민감성이나 여드름성 피부에도 좋습니다‼️ 💚추천피부 이러한 점을 봤을 때! 트러블 제품을 사용하면 피부가 따가운 분들, 피부가 쉽게 붉어지는 분들, 건조하거나 민감하신 분들, 피부가 얇다고 느껴지시는 분들에게 추천해요! 특히! 피부가 얇은 분들은 티트리보다 시카가 잘 맞으실 거예요! 파넬 시카마누 세럼은 단순 시카가 아닌 마누카 허니가 섞여있어요! 마누카 허니는 단순 꿀보다 보습과 피부 회복에 좋아요 그래서 시카마누 세럼은 시카로 진정+장벽강화 시켜주고 마누카허니로 보습+피부회복 해주신다고 생각하면 됩니다! 너무 오일리하지도 않고 흡수도 빨라서 저같은 수부지에 좋을 것 같아요! 너무 길어서 광고같은데ㅜ 진짜 절대 아니구요,,,,, 개인적으로 너무 좋아하고 저희 매장 고객님들께도 항상 강추!!! 하는 제품이라 너무너무 알리고 싶었어요,,🥹💚 사진에서도 보이시겟지만,,, 정말 많이 사용한 증거랍니다😅 박스도 빈 거 아니고 저번에 공홈에서 세일할 때 쟁여둔 거랍니다ㆅㆅ 안에 들어잇어요,,,,, 제 글이 도움이 될지는 모르겟지만.!.!! 기초라인 유목민인 사람으로서,,, 모든 분들이 자기 피부에 딱 맞는 기초를 찾길 바랄 뿐입니다❤️‍🔥❤️‍🔥"
803,https://www.oliveyoung.co.kr/store/goods/getGoodsDetail.do?goodsNo=A000000166511&dispCatNo=100000100010014&trackingCd=Cat100000100010014_Small&t_page=카테고리관&t_click=에센스/세럼/앰플_전체__상품상세&t_number=803,대신 이 상품은 어떤가요?,4.8,MAC,복합성 | 쿨톤 | 미백 | 주름,5,"매번 유튜브로 찾아보고 괜찮을까 고민하다 이번 세일에 구매했어요. 때마침 제 피부가 홍조와 환절기로 뒤집어지기 시작해 강력한 진정과 보습을 필요로하는 시기였거든요. 민트젤리같은 연두빛에 흐르지 않는 쫀쫀한 제형이였어요. 약간의 허브향같은게 나는듯했구요. 도톰하게 바르면 약간 끈적이나 싶다가도 이내 빠르게 흡수되어 쫀쫀한 느낌이 되더라구요. 그러면서 약간의 쿨링감도 느꼈어요. 간질간질하던 트러블에도 약간 진정되는 느낌도 들고 스킵케어 형식으로 스킨, 시카마누세럼, 크림 만 바르고 생활하는데도 건조함을 느낄 수 없더라구요. 푹잠세럼이라는데 내일 아침이 기대됩미다 :)"
803,https://www.oliveyoung.co.kr/store/goods/getGoodsDetail.do?goodsNo=A000000166511&dispCatNo=100000100010014&trackingCd=Cat100000100010014_Small&t_page=카테고리관&t_click=에센스/세럼/앰플_전체__상품상세&t_number=803,대신 이 상품은 어떤가요?,4.8,쉬크한요미,복합성 | 웜톤 | 민감성,5,"두번째 구매입니다, 저는 개복치 피부, 삼일 괜찮으면 4일째는 피부가 또 시작이군..군데군데 붉어지고 자잘한 트러블도 생기고..ㅠㅠ 이럴때 제대로 관리안해주면 다음날은 더 심해져요그래서 진정에 도움되는 제품을 늘 챙겨바르는데 좋다고 하길래 속는셈치고 처음 두개짜리 구매해서 사용하는데 다행히 괜찮다했어요 다음날 트러블이 쏙 들어가고 그러지는 않았지만(순한제품들도 저한데는 안맞아서 확 뒤집어져서 몇달고생한적도 있어요) 그냥 두병을 순삭으로 쓰는데 앰플 넘 금방써서 올영11월 세일 마지막날 구매하다가 품절나서 튕기고 ..다음날 재고있는데 14일순차배송이라길래 에휴 하다가 오늘 오늘드림으로 재고 1나 남은거 드디어 받았어요 꾸준히 사용하면 넘 좋아서 하나더 주문하려구요 제형이 촉촉하지만 겉돌지않고 잘 스며서 만족학니다..다만 75ml 대용량 만들어 주시면 안될까요,,너무 금방씁니다,,전 대용량 앰플 선호하는 편이라..불안하지 않게 100ml도 괜찮습니다 만들어 주시길 바라고 또 바래요~"
803,https://www.oliveyoung.co.kr/store/goods/getGoodsDetail.do?goodsNo=A000000166511&dispCatNo=100000100010014&trackingCd=Cat100000100010014_Small&t_page=카테고리관&t_click=에센스/세럼/앰플_전체__상품상세&t_number=803,대신 이 상품은 어떤가요?,4.8,세번째나무,민감성 | 웜톤 | 잡티 | 미백,5,"나는 파넬을 세럼말고 마스크로 먼저 만났음. 갑자기 유전폭발 여드름 무한반복을 한달 넘게 하던중이라 이것 저것 다 하고 피부과에선 기초 최소만 쓰고 마스크팩 같은거 하지말랬는데, 피부상태 그지같던 우울기에 언니가 이거 써봐라 던져준게 시카마누 마스크였음. 이틀만에 피지잡고 굵은 여드름들이 사라지기 시작. 믿습니다 파넬 시카마누의 시작이었음. 마스크팩 벌크 쟁여서 1일1팩, 1주일정도 지나니 큰건 사라지고 자잘한거만 남았는데 1일1팩이 힘들었는지 얼굴이 조금 붉어졌음. 그래서 세럼을 매일 쓰자. 도와줘요 파넬. 수분에센스, 여드름 연고, 진정앰플, 미백크림 각각 다 좋은거 있지만 얼굴은 하나니까 하나로 다 되는 시카마누92 쓰는거임. 에센스는 이거 하나로 보습, 진정, 장벽, 미백 다 잡아요. 전후 토너나 에멀전, 장벽크림은 피부상태따라 조금씩 바뀌지만 시카마누92는 그냥 쓰는거임. 나랑 평생 가자 파넬"
803,https://www.oliveyoung.co.kr/store/goods/getGoodsDetail.do?goodsNo=A000000166511&dispCatNo=100000100010014&trackingCd=Cat100000100010014_Small&t_page=카테고리관&t_click=에센스/세럼/앰플_전체__상품상세&t_number=803,대신 이 상품은 어떤가요?,4.8,뎌밍공주,복합성 | 웜톤 | 미백 | 각질,5,"요새 뭘 발라도 속건조가 심해서 속는 셈 치고 샀는데 이거 머예여?! 속건조 해결 짱짱맨,,. 앰플 다른 거 바르면 출근해서 11시쯤이면 속건조 쩌는데 이거 버르면 한 4시쯤 약간 속건조가 오나? 싶은 느낌 ㅜㅜ 지속력 개쩌러여 짱짱 최고 굿굿 ㅜㅜ 쟁여둘 예정..."
803,https://www.oliveyoung.co.kr/store/goods/getGoodsDetail.do?goodsNo=A000000166511&dispCatNo=100000100010014&trackingCd=Cat100000100010014_Small&t_page=카테고리관&t_click=에센스/세럼/앰플_전체__상품상세&t_number=803,대신 이 상품은 어떤가요?,4.8,문탱구,복합성 | 웜톤 | 잡티 | 각질,5,트러블이 잘 올라오는 민감성 수부지에요. 이것저것 트러블에 좋다는 거 다 써봤지만 별 효과가 없거나 안 맞아서 트러블이 나거나 하더라고요. 이것도 반신반의하며 쓰고 있는데 일단 바르고 간지럽거나 트러블 올라오는 것 없음!! 그리고 트러블 세럼 같은 건 가볍거나 뭔가 트러블 말려준다고 건조해지는 경우 있는데 얘는 촉촉해요. 보습력이 느껴져서 좋아요!!! 그래서 진짜 뭘 발라도 속건조 심한 타입인데 제가 쓰고 있는 제품 중에선 되게 덜한 편. 꾸준히 절여주고 있슴니당 ㅎㅎㅎ♡
803,https://www.oliveyoung.co.kr/store/goods/getGoodsDetail.do?goodsNo=A000000166511&dispCatNo=100000100010014&trackingCd=Cat100000100010014_Small&t_page=카테고리관&t_click=에센스/세럼/앰플_전체__상품상세&t_number=803,대신 이 상품은 어떤가요?,4.8,bd200445,복합성 | 웜톤 | 잡티 | 트러블,5,파넬 시카마누 92세럼은 꾸덕한 제형에 잘 펴발리는 진정 세럼이에요. 보통 진정 세럼은 묽은 제품이 많은데 이 제품은 꾸덕한 제형이어서 환절기에도 건조하지 않게 수분 보습감을 잘 잡아줘서 좋더라구요. 향은 뭔가 진정 성분이 많이 들어간 향?이 느껴집니다. 여름 제외하고는 모든 피부타입이 쓰기에 좋은 제품인 것 같아요!
803,https://www.oliveyoung.co.kr/store/goods/getGoodsDetail.do?goodsNo=A000000166511&dispCatNo=100000100010014&trackingCd=Cat100000100010014_Small&t_page=카테고리관&t_click=에센스/세럼/앰플_전체__상품상세&t_number=803,대신 이 상품은 어떤가요?,4.8,올데이올영,복합성 | 여름쿨톤 | 잡티 | 트러블,5,준돌님 유튜브 영상보고 파넬 세럼을 알게되서 구매했습니다! 요즘 환절기여서 그런지 피부가 빨개지고 따갑고 건조하고 좁쌀여드름도 많아지고 요철도 심해지고 총체적 난국이었는데 이 세럼을 딱 2일만 발라줬는데도 진정이 싹 되는게 느껴졌습니다. 앞으로도 계속 재구매할 예정이에요👍👍
803,https://www.oliveyoung.co.kr/store/goods/getGoodsDetail.do?goodsNo=A000000166511&dispCatNo=100000100010014&trackingCd=Cat100000100010014_Small&t_page=카테고리관&t_click=에센스/세럼/앰플_전체__상품상세&t_number=803,대신 이 상품은 어떤가요?,4.8,나여여영,지성 | 봄웜톤 | 민감성,5,"요즘 데일리로 쓰고 있는 세럼인데, 가볍게 촉촉한 제형이라 피부에 올리면 바로 스며드는 느낌이에요. 병풀 + 허니 조합이라 그런지 진정이 빨리 되는 편이고, 자극받은 날 발라도 따갑지 않아서 부담 없이 쓰기 좋아요. 특히 아침에 발라도 끈적임이 없어서 메이크업 밀림 걱정 없이 사용할 수 있고, 꾸준히 쓰니까 피부결이 한층 매끈해진 느낌이라 만족도가 높아요✨ 유분 많은 세럼이 아니라 데일리로 편하게 사용할 수 있는 진정 세럼 찾는 분들한테 잘 맞을 것 같아요!"
803,https://www.oliveyoung.co.kr/store/goods/getGoodsDetail.do?goodsNo=A000000166511&dispCatNo=100000100010014&trackingCd=Cat100000100010014_Small&t_page=카테고리관&t_click=에센스/세럼/앰플_전체__상품상세&t_number=803,대신 이 상품은 어떤가요?,4.8,가보자는거야,건성 | 봄웜톤 | 민감성,5,"피부가 예민해서 여드름 진정 제품 여러 가지 써봤는데, 파넬 시카마누 92세럼이 가장 효과 좋았어요. 바를 때 자극이 없고 촉촉하게 흡수돼서 민감성 피부도 안심하고 사용할 수 있어요. 아침에 화장 전에 선크림 바르기 전에 쓰면 피부가 매끄럽고 물광이 돌아서 화장도 훨씬 잘 먹어요. 꾸준히 사용하니까 붉은기랑 트러블이 줄고 피부결이 정돈된 게 눈에 보여요. 벌써 두 통째 사용 중인데 앞으로도 계속 재구매할 예정이에요💚 예민하거나 트러블 있는 분들께 진짜 강력 추천합니다!”"
803,https://www.oliveyoung.co.kr/store/goods/getGoodsDetail.do?goodsNo=A000000166511&dispCatNo=100000100010014&trackingCd=Cat100000100010014_Small&t_page=카테고리관&t_click=에센스/세럼/앰플_전체__상품상세&t_number=803,대신 이 상품은 어떤가요?,4.8,도르래,복합성 | 가을웜톤 | 잡티 | 주름,5,"제형은 꿀처럼 꾸덕한 텍스쳐입니다. 바를 땐 부드럽고 가볍게 발리지만 제형이 쫀쫀해서 얼굴에 산뜻하게 오래 남아있는 느낌입니다. 향은 굉장히 진한 편인데요. 전 그게 더 좋았어요. 평소 허브향, 쑥향 좋아하는 편입니다. 한 3달전부터 갑자기 여드름이 너무 나서 약도 먹고 레이저도 끊어봤습니다. 약먹을 땐 낫지만 평생 먹을 순 없으니 화장품을 바꿔보았어요. 예전에 사뒀던 제품인데 우연히 써보니 여드름 싹 들어갔어요. 자극되고 따가운 느낌도 사라지고요. 모든 결과가 이 화장품때문이라고는 확답할 순 없겠지만 전 대만족이고 오래 쓸 생각입니다."
803,https://www.oliveyoung.co.kr/store/goods/getGoodsDetail.do?goodsNo=A000000166511&dispCatNo=100000100010014&trackingCd=Cat100000100010014_Small&t_page=카테고리관&t_click=에센스/세럼/앰플_전체__상품상세&t_number=803,대신 이 상품은 어떤가요?,4.8,마라먹는햄스터,민감성 | 겨울쿨톤 | 트러블 | 블랙헤드,4,"이전에 파넬*ㄴㄱㅇ 이젠트 때 구매해서 두 통 비우고 최근 사용한 진정 세럼 중에 제일 마음에 들어 재구매 했습니다. 제가 사용했던 진정 세럼들은 진정에는 좋을지라도 수분감이 좋다거나 피부가 쫀쫀? 해지는 느낌이라거나 요철에 도움되눈 느낌이 없었는데, 파넬은 그런 측면에서 다른 제품들에 비해 만족감이 컸습니다!"
803,https://www.oliveyoung.co.kr/store/goods/getGoodsDetail.do?goodsNo=A000000166511&dispCatNo=100000100010014&trackingCd=Cat100000100010014_Small&t_page=카테고리관&t_click=에센스/세럼/앰플_전체__상품상세&t_number=803,대신 이 상품은 어떤가요?,4.8,sha2027,지성 | 쿨톤 | 미백 | 트러블,5,ㅂㄹㄱㄹ이랑 이거랑 비슷비슷하고 좋은듯 취향차이같아요 진정에 좋음
803,https://www.oliveyoung.co.kr/store/goods/getGoodsDetail.do?goodsNo=A000000166511&dispCatNo=100000100010014&trackingCd=Cat100000100010014_Small&t_page=카테고리관&t_click=에센스/세럼/앰플_전체__상품상세&t_number=803,대신 이 상품은 어떤가요?,4.8,소시지볶음,지성 | 봄웜톤 | 잡티 | 각질,4,매일매일 하는 것보다는 일주일에 3번 정도하는게 효과가 잘 느껴져요 전 자극없이 좋았어요
803,https://www.oliveyoung.co.kr/store/goods/getGoodsDetail.do?goodsNo=A000000166511&dispCatNo=100000100010014&trackingCd=Cat100000100010014_Small&t_page=카테고리관&t_click=에센스/세럼/앰플_전체__상품상세&t_number=803,대신 이 상품은 어떤가요?,4.8,행운클로바,복합성 | 겨울쿨톤 | 잡티 | 미백,5,"진정 맛집으로 유명한 파넬의 세럼으로 이름에서 알 수 있듯 시카 성분으로 자극받은 피부를 편안히 진정시켜줍니다. 또, 너무 가볍고 묽지 않아서 지금 계절에도 충분히 수분과 보습감을 채워줍니다. 최대 용량과 역대급 이벤트로 좋은 가격에 구입하게 되어 만족스럽고 다 사용하고나면 추가 구매할 예정입니다."
803,https://www.oliveyoung.co.kr/store/goods/getGoodsDetail.do?goodsNo=A000000166511&dispCatNo=100000100010014&trackingCd=Cat100000100010014_Small&t_page=카테고리관&t_click=에센스/세럼/앰플_전체__상품상세&t_number=803,대신 이 상품은 어떤가요?,4.8,이욜리효리,건성 | 봄웜톤 | 미백,5,원래 진정 잘되고 피부 컨디션이 확 좋아지길래 넘 조아서 한 통 순식간에 썼는데 기획 개꿀래미라 바로 샀긔;; 근데 향이 좀 진해진 거 같아요..? 원래 숲이 생각나는 힐링되는 풀? 자연?의 향이였는데 지금은 한방냄새랄까 ... 향료 변경되었는지 ㅠ
803,https://www.oliveyoung.co.kr/store/goods/getGoodsDetail.do?goodsNo=A000000166511&dispCatNo=100000100010014&trackingCd=Cat100000100010014_Small&t_page=카테고리관&t_click=에센스/세럼/앰플_전체__상품상세&t_number=803,대신 이 상품은 어떤가요?,4.8,wishsh,복합성 | 트러블 | 모공,5,진정용으로 아주 잘 사용중인 세럼이예요 안그래도 절반정도밖에 안남아서 재구매 생각중이였는데 마침 리뷰이벤트 진행중이여서 얼른 구매했습니다 진짜 너무 효과 좋은 제품인데 이렇게 대용량 기획 구성에 리뷰이벤트까지… 안 살 수가 없었어요
803,https://www.oliveyoung.co.kr/store/goods/getGoodsDetail.do?goodsNo=A000000166511&dispCatNo=100000100010014&trackingCd=Cat100000100010014_Small&t_page=카테고리관&t_click=에센스/세럼/앰플_전체__상품상세&t_number=803,대신 이 상품은 어떤가요?,4.8,호로로로로록,건성 | 가을웜톤 | 모공 | 탄력,5,갑자기 피부가 확 뒤집혀서 쓰고 있어요 ㅠㅠ 건성 기준 건조함도 잘 잡아주고 붉은기랑 트러블 진정도 괜찮은 것 같아요! 더 써봐야겠지만 건조하고 당기는 피부 때문에 미칠 것 같았는데 그건 많이 좋아졌네요~ 근데 바를 때 살짝 꿀..약초? 같은 향이 나서 향 호불호 있으신 분들은 맡아보고 사시면 좋을 것 같아용
803,https://www.oliveyoung.co.kr/store/goods/getGoodsDetail.do?goodsNo=A000000166511&dispCatNo=100000100010014&trackingCd=Cat100000100010014_Small&t_page=카테고리관&t_click=에센스/세럼/앰플_전체__상품상세&t_number=803,대신 이 상품은 어떤가요?,4.8,제이름은도난당했죠,중성 | 여름쿨톤 | 잡티 | 트러블,5,저는 과다피지로 염증성 트러블이 나는 피부예요 이젠 건조해지니까 좀 보습감이 필요한거예요ㅠㅠ최근에 파넬 세럼쿠션을써봤는데 자극없어서 트러블도 일반쿠션보다 덜 나길래 이번 블프때 구매해봤어용 사용한지 2주정도인데 결론은 엄청 만족이예요😍그래서 이번에 이벤트하길래 바로 쟁였어요!아무리 가볍다는 크림 발라도 얼굴건지러우면서 유분감있게 마무리되서 크림바르기 꺼려졌는데 토너바르고 이거 바르면 염증도 가라앉고크림 안발라도 정도로 보습감이 있어서 너무 좋아요 바르고 직후에도 엄청 쫀쫀하게 피부를 만들어주고 광도 좀 나요!!그리고 벨벳한 매트쿠션은 모공 구멍 뽕뽕나고 글로우 쿠션은 지속력이 구려서 크리미한 세미매트쿠션만바르시는 중건성-수부지이사이 어딘가의 피부타입이신분들은 수분토너 한겹바르고 이거발라보세요!!벨벳쿠션도 덜건조하게 바를수있어요!! 시카성분잘맞으시면 진짜 너뮤 강추예요👍(+유일한 단점이라면 단점인 냄새!!타사세럼보다 시카냄새가 더 진해요😭물론저는 이냄새 좋아해영
803,https://www.oliveyoung.co.kr/store/goods/getGoodsDetail.do?goodsNo=A000000166511&dispCatNo=100000100010014&trackingCd=Cat100000100010014_Small&t_page=카테고리관&t_click=에센스/세럼/앰플_전체__상품상세&t_number=803,대신 이 상품은 어떤가요?,4.8,박맑음,건성 | 겨울쿨톤 | 잡티,5,요 파넬 세럼 걍 좋음 솔직히 평소에 넘 비싸다고 생각했고 올영 알바하면서도 콧물같은 제형이 딱 내스탈이지만 비싸서 안 샀단 말이죠 근데 네고왕 떴을때 두병 사서 써봤는데 아 도른놈인겨 이게 트러블 흔적 케어에 효과는 모르겠으나 얼굴 진정+결 정리는 진짜임요 아누아 어성초세럼이랑 비슷한 꾸덕한 제형이니 함 츄라이 해보셈요
803,https://www.oliveyoung.co.kr/store/goods/getGoodsDetail.do?goodsNo=A000000166511&dispCatNo=100000100010014&trackingCd=Cat100000100010014_Small&t_page=카테고리관&t_click=에센스/세럼/앰플_전체__상품상세&t_number=803,대신 이 상품은 어떤가요?,4.8,녹화랑,복합성 | 여름쿨톤 | 잡티 | 트러블,4,25.12.04 구매 유투브에서 추천영상으로 뜬 걸 보고 구매했습니다.
803,https://www.oliveyoung.co.kr/store/goods/getGoodsDetail.do?goodsNo=A000000166511&dispCatNo=100000100010014&trackingCd=Cat100000100010014_Small&t_page=카테고리관&t_click=에센스/세럼/앰플_전체__상품상세&t_number=803,대신 이 상품은 어떤가요?,4.8,반짝올영,민감성 | 겨울쿨톤 | 잡티 | 미백,5,파넬 시카마누 92세럼은 피부가 예민해졌을 때 손이 먼저 가는 제품이에요🩷 처음 바를 때는 약간의 점성이 느껴지지만 피부에 부드럽게 스며들고 시카세럼 중엔 끈적이지 않게 흡수돼요 유분보다는 수분감이 강해서 답답함이 전혀 없어여~ 흡수 후에는 피부가 촉촉하게 마무리되고 자극적인 향이 아닌 허브계열향이라 부담 없이 쓸 수 있어요 사용할수록 피부 결이랑 홍조같은 트러블 자국이 남아 있고 속건조나 열감이 있는 피부에 바로 쿨링되는 느낌이 있어요 피부가 전반적으로 결정리랑 맑아지는 느낌이라 기초 중심 제품으로 데일리사용 괜찮아요 아침에는 메이크업 전에 발라도 밀림이 없었었고 밤에는 수분크림이나 영양크림 전에 레이어링해주면 다음 날 피부가 촉촉하고 탱탱하게 유지돼요 계절에 상관없이 쓸 수 있을것 같고 환절기나 피부가 예민해질 때 효과가 더 잘 느낄수 있을것 같네요 용기병도 단단하고 위생적인 스포이드 타입이라 양조절 사용하기 편해요 세럼을 스포이드로는 끝까지 쓰기어려워서 뒤집어서 손에 탁탁탁치면 됩니다🙃 파넬 세럼은 전체적으로 진정력과 흡수력이 좋은 세럼이라 민감성 피부나 트러블이 잦은 사람에게 특히 추천해요 ~
803,https://www.oliveyoung.co.kr/store/goods/getGoodsDetail.do?goodsNo=A000000166511&dispCatNo=100000100010014&trackingCd=Cat100000100010014_Small&t_page=카테고리관&t_click=에센스/세럼/앰플_전체__상품상세&t_number=803,대신 이 상품은 어떤가요?,4.8,굥쮸쮸,지성 | 여름쿨톤 | 각질 | 트러블,5,진짜 진정에 좋은 세럼이에요!! 처음에는 틱톡에 바이럴인줄 알아서 안 샀는데 궁금해서 사니 이젠 제 화장대에 한자리를 차지하고있네요
803,https://www.oliveyoung.co.kr/store/goods/getGoodsDetail.do?goodsNo=A000000166511&dispCatNo=100000100010014&trackingCd=Cat100000100010014_Small&t_page=카테고리관&t_click=에센스/세럼/앰플_전체__상품상세&t_number=803,대신 이 상품은 어떤가요?,4.8,키티키티키팅,복합성 | 가을웜톤 | 잡티 | 트러블,5,"엥 진짜 효과 미쳤어요 … 이거진짜에요 3일 아침 저녁으로 썼는데 올록볼록 염증성 여드름 다 가라앉고 흉터만 남았어요 🥹🥹🥹🩷🩷🩷 사랑해요 파넬 반려 여드름 2개월째인데 이게 가라앉는게 안믿겨요 후기안쓸랫는데 씀미다 … 개쩔어서…. 저는 아침 저녁 듬뿍 바르고, 저녁엔 바르기 전에 트러블 부위에 세럼 올려두고 토너패드 올려서 절여줬어요!! 상세페이지에 올려두라고 되어있길래 했는데 진짜 레전드 효과입니다.. 당연히 흔적은 아직 남아잇슴니다 ^^ 근데 진짜 볼록이 다 가라앉앗오요 꼭사세요 트러블쟁이들 .."
803,https://www.oliveyoung.co.kr/store/goods/getGoodsDetail.do?goodsNo=A000000166511&dispCatNo=100000100010014&trackingCd=Cat100000100010014_Small&t_page=카테고리관&t_click=에센스/세럼/앰플_전체__상품상세&t_number=803,대신 이 상품은 어떤가요?,4.8,별이99,민감성 | 쿨톤 | 주름 | 민감성,5,"요즘같이 찬바람 불때는 밤에 듬뿍 듬뿍 발라주면 건조하지 않아서 더 좋습니당 , 리필용으로 처음 써보는데 따로 본품에 따라서 사용해야 하는 불편함이 좀 있네요 그전에 편하게 썼던거에 익숙해져서 ㅠ;; 하하"
803,https://www.oliveyoung.co.kr/store/goods/getGoodsDetail.do?goodsNo=A000000166511&dispCatNo=100000100010014&trackingCd=Cat100000100010014_Small&t_page=카테고리관&t_click=에센스/세럼/앰플_전체__상품상세&t_number=803,대신 이 상품은 어떤가요?,4.8,사일오,복합성 | 웜톤 | 잡티 | 트러블,5,"💚제형이 묵직하고 밀도있는 느낌이라 처음에는 안맞을까봐 살짝 걱정됐었는데 오히려 묵직한 제형이 진정+보습까지 챙겨줘서 각질로인한 트러블에 효과가 좋았어요 💚1,2번째 사진이 3일차이인데 단순히 예민해진 피부 진정뿐만 아니라 각질이 쌓여서 뚫고 올라오는 트러블을 가라앉혀줘서 놀랐어요! 진정앰플증에 트러블에 직접적으로 효과 본 제품이 별로 없었어서 앞으로도 잘 쓸 제픔같아요 💚제형이 묵직한게 바를때 자극을 줄여주는것같아요. 물같은 제형보다 바를때 손이 얼굴피부에 직접 닿는 느낌이 덜해서 좋았어요 겨울,환절기에 각질 많이 일어나고 진정or트러블 관리 필요한데 보습도 놓치기 싫으신분들께 추천합니다!"
803,https://www.oliveyoung.co.kr/store/goods/getGoodsDetail.do?goodsNo=A000000166511&dispCatNo=100000100010014&trackingCd=Cat100000100010014_Small&t_page=카테고리관&t_click=에센스/세럼/앰플_전체__상품상세&t_number=803,대신 이 상품은 어떤가요?,4.8,무화과크림,복합성 | 봄웜톤 | 트러블,5,"평소에 트러블이 잘나는 지복합성 피부에요. 화장품이 너무 기름져도 안되고 너무 건조해도 안되는 귀찮은 타입이라 다양한 세럼과 크림들을 사용해봤는데요. 파넬 시카마누 세럼은 행사로 알게돼서 구입을 해본건데, 저한테 맞는 괜찮은 세럼을 발견하게 됐네요. 향이 풀향이라 질리지 않고, 끈적이지 않고, 흐르지 않는 제형이라 너무 맘에 들어요. 바른 후에도 계속 겉돌고 오일감이 느껴지면 저는 사용할 수 없는데, 마무리감이 깔끔한데 그렇다고 쉽게 건조해지지 않아서 좋아요."
803,https://www.oliveyoung.co.kr/store/goods/getGoodsDetail.do?goodsNo=A000000166511&dispCatNo=100000100010014&trackingCd=Cat100000100010014_Small&t_page=카테고리관&t_click=에센스/세럼/앰플_전체__상품상세&t_number=803,대신 이 상품은 어떤가요?,4.8,맛있어,복합성 | 웜톤 | 트러블 | 피지과다,5,파넬 시카미누는 쿠션을 먼저 사용해보고 너무너무 만족한 뒤 스킨케어까지 믿고 구매했아요
803,https://www.oliveyoung.co.kr/store/goods/getGoodsDetail.do?goodsNo=A000000166511&dispCatNo=100000100010014&trackingCd=Cat100000100010014_Small&t_page=카테고리관&t_click=에센스/세럼/앰플_전체__상품상세&t_number=803,대신 이 상품은 어떤가요?,4.8,몌린,건성 | 여름쿨톤 | 트러블 | 블랙헤드,5,전에 네고왕할때 궁금해서 사서 사용해봤었는데 그때 여드름도 많이 진정되고 자극적이지 않고 좋아서 다시 재구매 했습니다! 제가 민감성이라서 아무거나 잘 안쓰는데 이건 진짜 좋았어요! 그리고 좀 묽고 촉촉한 제형이라 끈적이지않고 산뜻하게 마무리 되서 좋아요! 또 다 쓰면 재구매 예정입니다🥺🫶🫶
803,https://www.oliveyoung.co.kr/store/goods/getGoodsDetail.do?goodsNo=A000000166511&dispCatNo=100000100010014&trackingCd=Cat100000100010014_Small&t_page=카테고리관&t_click=에센스/세럼/앰플_전체__상품상세&t_number=803,대신 이 상품은 어떤가요?,4.8,잉이잉ㅇ,지성 | 쿨톤 | 트러블 | 피지과다,5,전에 공병 2병이나 비웠는데 그때는 하나에 2만원 넘게 주고 샀는데 지금 할인해서 또 샀어요 수부지라 겨울되니까 건조해져서 필요하기도 했고 역시 다시 쓰니까 각질도 잠재워주고 피부결이 매끈해져서 너무 만족. 파넬 직원하고 싶을 정도로 파넬 제품은 다 좋은 거 같아요 파넬 쿠션도 쓰고 판테놀 세럼이랑 오미자 세럼도 다 좋아요
803,https://www.oliveyoung.co.kr/store/goods/getGoodsDetail.do?goodsNo=A000000166511&dispCatNo=100000100010014&trackingCd=Cat100000100010014_Small&t_page=카테고리관&t_click=에센스/세럼/앰플_전체__상품상세&t_number=803,대신 이 상품은 어떤가요?,4.8,foret빈,민감성 | 여름쿨톤 | 잡티 | 미백,4,"먼저 텍스처가 꽤 인상적이에요. 묽고 가벼운 타입이라 바를 때 피부 위에 산뜻하게 퍼지고, 하지만 너무 묽어서 흘러내리거나 수분감만 있는 느낌이 아니라, 적당한 탄력이 느껴지는 제형이에요. Hwahae 사용자 평에서도 “탄력 있는 세럼”이라는 말이 꽤 많고요. ￼ 진정력은 파넬 제품답게 상당히 강해요. 핵심 성분으로 병풀(센텔라) 추출물이 많이 들어가 있고, Cica-Manu 바이옴이라는 고유 성분 덕분인지 피부 붉음이나 트러블 흔적을 잠재우는 효과가 꽤 빨라요. 민감한 피부나 스트레스로 자극받은 날 썼을 때 “피부가 숨을 쉬는 느낌”이라는 후기도 많더라고요. ￼ 보습력도 충분해요. 수분을 채워주면서도 잔여감이 과하진 않아서, 세럼을 바른 후 가벼운 크림만 써도 피부 당김 없이 마무리할 수 있었어요. 하지만 일부 후기에서는 끈적임이 남는다는 이야기도 있고, 여름철이나 지성 피부라면 이 부분이 호불호가 있을 수 있다는 점은 고려할 필요가 있어요. ￼ 향은 허브 느낌이 섞인 은은한 풀 내음이 있어서 거부감은 거의 없고, 진정 제품답게 자극적이지 않아요. 텍스처나 향 모두 데일리로 쓰기 괜찮은 편이에요. 한 가지 주의할 점은 용기 구조에 대한 불만이 일부 있다는 거예요. 몇몇 사용자는 드로퍼가 한 번에 많은 양을 뽑아내진 못한다는 말을 했고, ￼ 용기 마감이 완전히 깔끔하지 않은 경우도 있다고 해요. ￼ 또, 성분 분석 쪽에서는 주름 개선보다는 진정 + 보습 + 장벽 강화에 초점을 맞춘 세럼이라는 평가도 있어요. CreamScan 분석에서도 “주름 개선 효과에 대한 증거는 현재 제한적”이라는 지적이 있더라고요. ￼ 종합적으로 보면, 파넬 시카마누 92 세럼은 예민해진 피부나 자극받은 피부를 잠재우고 촉촉하게 안정시키는 데 매우 효과적인 세럼이라는 인상이 강해요. 특히 피부 붉음, 잔트러블, 민감성 피부 라인으로 진정과 보습을 동시에 챙기고 싶은 사람에게 추천하고 싶고, 드로퍼 용기나 가격, 끈적임 정도는 자신의 피부 타입에 맞춰 고려하면 좋을 것 같아요."
803,https://www.oliveyoung.co.kr/store/goods/getGoodsDetail.do?goodsNo=A000000166511&dispCatNo=100000100010014&trackingCd=Cat100000100010014_Small&t_page=카테고리관&t_click=에센스/세럼/앰플_전체__상품상세&t_number=803,대신 이 상품은 어떤가요?,4.8,집가고싶당께,지성 | 겨울쿨톤 | 잡티 | 각질,5,지성에 안 맞는다 끈적인다란 평이 많아서 걱정했는데 걱정 안해도 될 거 같아요 저는 극지성이지만 오히려 가벼운 앰플은 속건조가 생겨서 속건조를 채울 수 있는 앰플을 좋아하는데 진짜 전혀 막 무겁거나 끈적이지 않고 보습감도 적당했어요 이거 쓰고 잠들면 담날 피부가 빤딱빤딱 광이 나서 좋아요 진정앰플로도 추천이지만 그냥 일반 보습 앰플로써도 추천!
803,https://www.oliveyoung.co.kr/store/goods/getGoodsDetail.do?goodsNo=A000000166511&dispCatNo=100000100010014&trackingCd=Cat100000100010014_Small&t_page=카테고리관&t_click=에센스/세럼/앰플_전체__상품상세&t_number=803,대신 이 상품은 어떤가요?,4.8,뷰쿠,복합성 | 여름쿨톤 | 잡티 | 미백,5,진정에 뛰어나다고 해서 구매해봤어요! 제형은 콧물제형이어서 보습에 도움이되고 점성이 좀 있는편인데도 흡수력이 좋았어요 발랐을때는 쑥? 약간 한방냄새가 나요 ㅎㅎ 냄새좋음요! 진정은 꾸준히 써봐야 알것같아요! 몇일 안썼지만 흡수도 잘되고 무난하게 잘쓸수 있을것같아요!
803,https://www.oliveyoung.co.kr/store/goods/getGoodsDetail.do?goodsNo=A000000166511&dispCatNo=100000100010014&trackingCd=Cat100000100010014_Small&t_page=카테고리관&t_click=에센스/세럼/앰플_전체__상품상세&t_number=803,대신 이 상품은 어떤가요?,4.8,유딘딘딘,트러블성 | 겨울쿨톤 | 트러블 | 민감성,5,"파넬세럼을 처음 접하게 된 건 네고왕때 였는데 써보고 좋아서 올영에서도 재구매하여 쓰던중 11월에 정말 좋은 기획으로 나와 2개나 쟁였답니다! 제가 건성에 얼굴에 아토피가 있는데 이 세럼쓰고 간지러움과 얼굴 붉어짐이 정말 눈에 띄게 줄었어요 이젠 파넬시카세럼 말곤 다른 제품은 못쓸거 같아요,, 진짜 다들 한번만 써보세요"
803,https://www.oliveyoung.co.kr/store/goods/getGoodsDetail.do?goodsNo=A000000166511&dispCatNo=100000100010014&trackingCd=Cat100000100010014_Small&t_page=카테고리관&t_click=에센스/세럼/앰플_전체__상품상세&t_number=803,대신 이 상품은 어떤가요?,4.8,운동하자,지성 | 여름쿨톤 | 블랙헤드 | 피지과다,5,지성 트러블성 피부라 매일 진정세럼 사용하는 편입니다. 파넬 세럼은 각 잡고 뒤집어진 트러블성 피부에 진정 때려넣겠다 보다는 아.... 뭔가 피부에 영양이 부족한거 같은데... 어라?! 여기 왠 트러블들이...! 이런 피부의 진정에 더 적합한 거 같아요. (트러블 달고 사는 피부보다 한번씩 뒤집어지는 피부) 수부지인 편이라 요즘은 가끔 피부가 푸석한 거 같다고 느낄 때가 있는데 그럴 때마다 무조건 손이 가는 템이 됐네요. 우선 더 사용해봐야지 진정 면에서 후기를 작성할 수 맀을 것 같아요
803,https://www.oliveyoung.co.kr/store/goods/getGoodsDetail.do?goodsNo=A000000166511&dispCatNo=100000100010014&trackingCd=Cat100000100010014_Small&t_page=카테고리관&t_click=에센스/세럼/앰플_전체__상품상세&t_number=803,대신 이 상품은 어떤가요?,4.8,쩰리빈,지성 | 여름쿨톤 | 블랙헤드 | 피지과다,5,"저는 예민한 피부라 좁쌀이나 트러블이 한번씩 꼭 올라옵니가 그래서 다른 여러 기초제품들을 떠돌면서남들 다 좋다는 여러 세럼,앰플 써봤지만 다 그저그랬고 단순 수분만 좀 채워지는 느낌에 딱히 진정되는 효과를 보지 못 하다 진짜 마지막이다..! 하고 속는 셈치고 구매했더니 웬걸 이건 달랐어요 처음에 저녁루틴에 추가했는데 바를때부터 느낌이 좋았는데 다음날 트러블들이 진정이 되어있더라구요 이거는 계속 바르면 다른거랑은 확실히 다르겠다 싶어서 저녁에 듬뿍 바릅니다! 저는 수부지라 아침에 화장전 바르기에는 리치한 느낌이 들어서 저녁에만 발라주고 있어요 만약 양조절을 잘 하는 스킬좋은 건성분들은 화장전에 발라도 좋을 것 같아요 뭘 발라도 항상 유수분 밸런스가 잘 안맞고 유분만 넘치는 느낌이였는데 이 제품만 추가했을 뿐인데 요즘 피부컨디션이 좋아요 앞으로 재구매 예정입니다 꼬옥 유명해셔서 할인 많이 하기를"
803,https://www.oliveyoung.co.kr/store/goods/getGoodsDetail.do?goodsNo=A000000166511&dispCatNo=100000100010014&trackingCd=Cat100000100010014_Small&t_page=카테고리관&t_click=에센스/세럼/앰플_전체__상품상세&t_number=803,대신 이 상품은 어떤가요?,4.8,셍이야,복합성 | 봄웜톤 | 각질 | 트러블,5,심한 여드름으로 몇년 고생한 뒤부터는 진정템에 집착하며 홈케어해오고 있었는데 얼마전부터 여드름이 슬슬 다시 올라와서 고민이던 중에 파넬 세럼을 알게 되어서 구매했습니다! 이틀째 사용중인데 눈에 띄는 효과에 놀랐어요ㅠㅠ! 보습도 채워주고 붉은 여드름도 눈에 띄게 가라앉아서 앞으로 정착템 될듯 합니다👍🏻💚💚
803,https://www.oliveyoung.co.kr/store/goods/getGoodsDetail.do?goodsNo=A000000166511&dispCatNo=100000100010014&trackingCd=Cat100000100010014_Small&t_page=카테고리관&t_click=에센스/세럼/앰플_전체__상품상세&t_number=803,대신 이 상품은 어떤가요?,4.8,min11,건성 | 웜톤 | 잡티 | 민감성,5,민감 건성이고 트러블파보다는 자극이있거나 건조하면 붉게 일어나는 피부입니다!! 보습감도 있고 진정까지 갖춘 세럼입니다!! 이런 기능으로 세럼 여러가지 나오지만 얘가 제일 효과 확실히 본 세럼이고 이번이 연속 4개째사용입니다!!
803,https://www.oliveyoung.co.kr/store/goods/getGoodsDetail.do?goodsNo=A000000166511&dispCatNo=100000100010014&trackingCd=Cat100000100010014_Small&t_page=카테고리관&t_click=에센스/세럼/앰플_전체__상품상세&t_number=803,대신 이 상품은 어떤가요?,4.8,BR0918,건성 | 봄웜톤 | 잡티 | 주름,5,시카마누 세럼만 아마 8-9통째 사용한거 같아요 떨어질때쯤 불안해서 집에 쟁여둔것만 4병 더 있을 정도로 정말 너무 마음에 드는 세럼이에요 피부가 예민한거 같다 싶을때는 두세번 레이어링 해주고 평소에는 한펌핑씩 사용해요 수분보습감도 너무 좋고 진정에 효과 확실한거 같아요
803,https://www.oliveyoung.co.kr/store/goods/getGoodsDetail.do?goodsNo=A000000166511&dispCatNo=100000100010014&trackingCd=Cat100000100010014_Small&t_page=카테고리관&t_click=에센스/세럼/앰플_전체__상품상세&t_number=803,대신 이 상품은 어떤가요?,4.8,백쿠,건성 | 쿨톤 | 미백 | 탄력,5,"예전에 우린님이 추천해주셨을때부터 애용하고 있어요 마침 네고왕이벤트때 산 파넬 세럼이 다 떨어져서 이번엔 올영블프로 구매했습니다 진정세럼하면 보통 지성용이 많아 가벼운 제형들이 많아 건성들에게 부족할 때가 많은데, 파넬 세럼은 유분감이 있는건 아니라 무겁지않으면서도 점도가 높고 수분감이 높아 건성들에게도 데일리로 쓰기 좋은 세럼이에요! 뒤집어졌늘때도 자극없이 순합니다"
803,https://www.oliveyoung.co.kr/store/goods/getGoodsDetail.do?goodsNo=A000000166511&dispCatNo=100000100010014&trackingCd=Cat100000100010014_Small&t_page=카테고리관&t_click=에센스/세럼/앰플_전체__상품상세&t_number=803,대신 이 상품은 어떤가요?,4.8,주겨주마,복합성 | 웜톤 | 블랙헤드 | 피지과다,5,백만홍조인들? 다 사세요 이거 진짜 조은듯 확실히 예전이랑 지금이랑 홍조 차이 ㅈㄴ나요 홍조 진짜 많이 없어짐 ㅜ 다쓰면 무조건 재구매할게요욧
803,https://www.oliveyoung.co.kr/store/goods/getGoodsDetail.do?goodsNo=A000000166511&dispCatNo=100000100010014&trackingCd=Cat100000100010014_Small&t_page=카테고리관&t_click=에센스/세럼/앰플_전체__상품상세&t_number=803,대신 이 상품은 어떤가요?,4.8,샤샤00,건성 | 겨울쿨톤 | 트러블 | 다크서클,5,밍디언니 추천해서 사서 싸봤는데 진정에 진짜 좋은 제품입니다.
803,https://www.oliveyoung.co.kr/store/goods/getGoodsDetail.do?goodsNo=A000000166511&dispCatNo=100000100010014&trackingCd=Cat100000100010014_Small&t_page=카테고리관&t_click=에센스/세럼/앰플_전체__상품상세&t_number=803,대신 이 상품은 어떤가요?,4.8,맛있어,복합성 | 웜톤 | 트러블 | 피지과다,5,파넬쿠션만 10여개 파넬 브랜드믿고 구매했는데 환절기 트러블 피부 진정용으로 구매했어요 추천합니다
803,https://www.oliveyoung.co.kr/store/goods/getGoodsDetail.do?goodsNo=A000000166511&dispCatNo=100000100010014&trackingCd=Cat100000100010014_Small&t_page=카테고리관&t_click=에센스/세럼/앰플_전체__상품상세&t_number=803,대신 이 상품은 어떤가요?,4.8,tulip,건성 | 웜톤 | 잡티 | 주름,5,"예민한 피부에 잘 맞는 진정세럼이에요☺️ 요즘 아침 저녁으로 제일 잘 사용하고 있어요💕 아침 저녁으로 기온차가 크고 날이 많이 쌀쌀해져서 속건조가 심했는데, 파넬 세럼으로 꾸준히 관리하니까 많이 좋아졌어요😍"
803,https://www.oliveyoung.co.kr/store/goods/getGoodsDetail.do?goodsNo=A000000166511&dispCatNo=100000100010014&trackingCd=Cat100000100010014_Small&t_page=카테고리관&t_click=에센스/세럼/앰플_전체__상품상세&t_number=803,대신 이 상품은 어떤가요?,4.8,히메네스,건성 | 쿨톤 | 주름 | 피지과다,5,일단 자극받은 피부에 진정효과가 탁월했구요 의외로 보습도 탄탄히 돼서 애정이 가는 템이에요 ㅎㅎ
803,https://www.oliveyoung.co.kr/store/goods/getGoodsDetail.do?goodsNo=A000000166511&dispCatNo=100000100010014&trackingCd=Cat100000100010014_Small&t_page=카테고리관&t_click=에센스/세럼/앰플_전체__상품상세&t_number=803,대신 이 상품은 어떤가요?,4.8,서현씅,복합성 | 웜톤 | 미백 | 블랙헤드,5,"복합성이 사용하기 좋고 보습, 진정에 좋습니다. 여드름성도 사용하기 좋고 자극이 하나도 없어요."
803,https://www.oliveyoung.co.kr/store/goods/getGoodsDetail.do?goodsNo=A000000166511&dispCatNo=100000100010014&trackingCd=Cat100000100010014_Small&t_page=카테고리관&t_click=에센스/세럼/앰플_전체__상품상세&t_number=803,대신 이 상품은 어떤가요?,4.8,하연0804,복합성 | 여름쿨톤 | 트러블 | 민감성,5,평소에 잘 쓰고있던 세럼이라 거의 다 써가서 재구매했어요 진정도 잘 되는거같고 보습용으로도 좋아요
803,https://www.oliveyoung.co.kr/store/goods/getGoodsDetail.do?goodsNo=A000000166511&dispCatNo=100000100010014&trackingCd=Cat100000100010014_Small&t_page=카테고리관&t_click=에센스/세럼/앰플_전체__상품상세&t_number=803,대신 이 상품은 어떤가요?,4.8,또라또,복합성 | 웜톤 | 각질 | 트러블,5,이 가격에 이구성의 제품을 살 수 있다는거에 놀라워요 심지어 시카인데 팍팍 쓰는 저에게 용량이 충분한게 너무 맘에 들었어요 꾸준히 사용해보고 맘에 들어서 계속 단골되고싶어요
803,https://www.oliveyoung.co.kr/store/goods/getGoodsDetail.do?goodsNo=A000000166511&dispCatNo=100000100010014&trackingCd=Cat100000100010014_Small&t_page=카테고리관&t_click=에센스/세럼/앰플_전체__상품상세&t_number=803,대신 이 상품은 어떤가요?,4.8,그리그리,지성 | 주름 | 트러블,5,지성 피부로서 트러블 진정을 위해 샀습니다 많은 사람들이 좋아하는데는 이유가 있는거 같습니다 피부 진정에 도움이 됩니다
803,https://www.oliveyoung.co.kr/store/goods/getGoodsDetail.do?goodsNo=A000000166511&dispCatNo=100000100010014&trackingCd=Cat100000100010014_Small&t_page=카테고리관&t_click=에센스/세럼/앰플_전체__상품상세&t_number=803,대신 이 상품은 어떤가요?,4.8,팬돌이1212,민감성 | 트러블 | 민감성,4,"자주 보던 유튜버께서 추천해주신 아이템이라 한 번 사용해볼까 했는데, 이번 기획세트가 좋은 듯 해서 구매하게 되었습니다. 테스트 당시 발라보니 쫀쫀해지는 느낌이 들어서 겨울철에 우선 잘 사용해봐야 겠네요"
803,https://www.oliveyoung.co.kr/store/goods/getGoodsDetail.do?goodsNo=A000000166511&dispCatNo=100000100010014&trackingCd=Cat100000100010014_Small&t_page=카테고리관&t_click=에센스/세럼/앰플_전체__상품상세&t_number=803,대신 이 상품은 어떤가요?,4.8,다다다다이이,중성 | 여름쿨톤 | 트러블 | 블랙헤드,5,올리브영 메이트로 일 하고 있는 사람인데 손님들이 자꾸 이 세럼을 찾아서 바로 구매해봤어용!!🫶🏻 써보니까 진짜 진정이 빠르고 일단 수분이 너무 잘 채워져서 좋았어요 다 쓰면 또 살게용❤️‍🔥
803,https://www.oliveyoung.co.kr/store/goods/getGoodsDetail.do?goodsNo=A000000166511&dispCatNo=100000100010014&trackingCd=Cat100000100010014_Small&t_page=카테고리관&t_click=에센스/세럼/앰플_전체__상품상세&t_number=803,대신 이 상품은 어떤가요?,4.8,Rinneimme,트러블성 | 가을웜톤 | 잡티 | 트러블,5,이거 바르고 화장한 피부인데.... 진짜 진정 더불어 광도 대박이에요.
803,https://www.oliveyoung.co.kr/store/goods/getGoodsDetail.do?goodsNo=A000000166511&dispCatNo=100000100010014&trackingCd=Cat100000100010014_Small&t_page=카테고리관&t_click=에센스/세럼/앰플_전체__상품상세&t_number=803,대신 이 상품은 어떤가요?,4.8,끙앙,복합성 | 웜톤 | 미백 | 블랙헤드,5,환절기라 피부가 뒤집어져서 사봤어요! 다들 왜 그렇게 좋다고 하는지 알 것 같아요 ㅎ ㅎ 확실히 진정이 되는 게 느껴져서 좋아요!
803,https://www.oliveyoung.co.kr/store/goods/getGoodsDetail.do?goodsNo=A000000166511&dispCatNo=100000100010014&trackingCd=Cat100000100010014_Small&t_page=카테고리관&t_click=에센스/세럼/앰플_전체__상품상세&t_number=803,대신 이 상품은 어떤가요?,4.8,꼬우니,건성 | 쿨톤 | 잡티 | 미백,5,보습감도 느껴지고 제형도 딱 좋아요 잘 쓸께용! 꾸준히 써보고 사용후기 또 남길께용~
803,https://www.oliveyoung.co.kr/store/goods/getGoodsDetail.do?goodsNo=A000000166511&dispCatNo=100000100010014&trackingCd=Cat100000100010014_Small&t_page=카테고리관&t_click=에센스/세럼/앰플_전체__상품상세&t_number=803,대신 이 상품은 어떤가요?,4.8,내일직장가요,복합성 | 여름쿨톤 | 잡티 | 각질,5,"•수부지 (트러블 피부X, T존 유분기, 피지 많음) 다른 브랜드 세럼 쓰면서 시카가 안 맞구나 해서 눈에 들어오지도 않던 제품이었는디요 -일단 이상하게 시카 쓰인 세럼 바르면 피부가 붉게 번짐 그렇다고 그 이후에 트러블이 더 난다던가 그렇지는 않았음 날이 갑자기 너무 추워져서 하루에 화장을 13-15시간 하고 지우고 자고 일어나서 또 화장하고, 먼지 맞고, 또 지우고 직장인 특 피부에 안 좋은 환경에 살다보니 안 그래도 연약한 피부가 더 예민해짐 그러다가 이번에 너무 좋은 기획으로 나왔길래 손등에 한번 테스트하고 리뷰 찾아보다가 구매 때렸어요 일단 왜 진정 맛집인지 알겠습니다 제형:콧물 제형이고 냄새는 뭔가 모를 한약, 쑥같은 냄새 냄새는 적응이 안 되는데 이거 바르고 나면 진짜 말도 안 되게 피부가 쫀쫀해 지더라구요 정말 수많은 세럼을 써봤지만 증발이 대부분이었는데 제품 특성을 잘 살린 .. 너낌..¿ 담날 일어나니까 안 건조하고 땐땐하게 피부가 얌전했음"
804,https://www.oliveyoung.co.kr/store/goods/getGoodsDetail.do?goodsNo=A000000170383&dispCatNo=100000100010014&trackingCd=Cat100000100010014_Small&t_page=카테고리관&t_click=에센스/세럼/앰플_전체__상품상세&t_number=804,대신 이 상품은 어떤가요?,5.0,키미키미,복합성 | 쿨톤 | 잡티 | 미백,5,"너무너무너무 만족ㅎㅏ고 있고 재재재구매하는 제품이에요!!! 일단 너무 순해요.. 저는 초초극예민에 피부가 엄청 얇은 편이고 하얀피부를 가지고 있어서 화장품이 조금이나마 안맞거나 성분이 안좋으면 피부에 즉각적으로 표가 나거든요. 트러블이 난다던가, 홍조가 생긴다던가, 간질간질하거나,,, 따가운 느낌이 들거나,,, 그런데!! 이제품을 쓰면 아무런 증상이 나타나지 않고 심지어는 자극이 있을 때 듬뿍 발라주면 피부가 편안해지고 진정이 되더라구요~ 그래서 재재재구매하고 있어요!! 향도 거의없고 , 편안한 숲속향? 같은 정도라서 바르는 것만으로도 힐링되는 기분이 듭니다! 너무 제 스타일이더라구요^^ 좋다하는 화장품 다 발라봤지만, 가격도 제품도 디자인도 성분도 사용감도 이렇게나 만족한적은 손에 꼽네요.."
804,https://www.oliveyoung.co.kr/store/goods/getGoodsDetail.do?goodsNo=A000000170383&dispCatNo=100000100010014&trackingCd=Cat100000100010014_Small&t_page=카테고리관&t_click=에센스/세럼/앰플_전체__상품상세&t_number=804,대신 이 상품은 어떤가요?,5.0,황금손,민감성 | 봄웜톤,5,날 덥고 얼굴 열 오르고 끈적여서 막 불쾌지수 올라가는 여름 내내 정말 잘 썼어요! 피부에 뭐 바르면 답답하거나 갑갑한 느낌이 들어서 아무거나 안바르고 싶을 때에도 부담없이 사용하기 좋았어요 날 좀 쌀쌀해졌는데 아직도 좋아요~ 제형이 가벼운데도 흡수가 엄청 빨라서 속건조는 다 잡아주고 피부에 끈적이는건 전혀 없었어요 그래서 무가운 느낌도 안났고요! 가벼우면서도 좋았어요 펌프형태라 사용하기에도 편하고요 무향이라 향 예민한분들도 쓰기 좋으실거에요 막 화장품 잘 맞아도 향땜에 쓰기 꺼려지는 것들이 있는데 이건 그런 걱정할 필요 전혀 없어요~^^ 피부 예민한데도 이거 바르고 얼굴에 뭐가 나거나 간지럽거나하지도 않았어요 자극적이지않아 좋았어요 유통기한도 넉넉해서 쟁여놔도 될 것 같아요ㅎㅎ 재구매의사 완전 있어요
804,https://www.oliveyoung.co.kr/store/goods/getGoodsDetail.do?goodsNo=A000000170383&dispCatNo=100000100010014&trackingCd=Cat100000100010014_Small&t_page=카테고리관&t_click=에센스/세럼/앰플_전체__상품상세&t_number=804,대신 이 상품은 어떤가요?,5.0,황금손,민감성 | 봄웜톤,5,수부지인분들에게 이거 혁명템이네요 번들거리지않으면서도 흡수 엄청 빠르고 수분감 제대로 보충해줘요~ 바르는 순간 순식간에 흡수를 쫘악 해주는데 끈적임이 1도 안남아요 발랐나? 싶을정도인데 촉촉하게 흡수돼서 속당김은 다 잡아줘요 너무 좋아요!! 심지어 무향이에요ㅜㅜ 향 예민한 제동생도 써보더니 무향이라고 맘에 들어해요 알코올냄새 같은것도 전혀 안나요 코 대고 엄청 킁킁 거렸는데도 안났어요ㅎㅎ 펌프형이라 사용도 너무 간편하고 캡도 있어서 먼지 쌓일 걱정도 안해도 돼요 바람이 조금 시원해졌다고는하지만 여전히 해가 뜨거워서 가벼운 사용감의 세럼이 좋더라고요 메이크업 전에 사용하기에도 부담없을정도라 맘에 들어요 머리카락 날려도 안붙어요~^^ 피부가 답답하지 않는 느낌인데도 촉촉함은 계속 있어서 만족감 최고에요!
804,https://www.oliveyoung.co.kr/store/goods/getGoodsDetail.do?goodsNo=A000000170383&dispCatNo=100000100010014&trackingCd=Cat100000100010014_Small&t_page=카테고리관&t_click=에센스/세럼/앰플_전체__상품상세&t_number=804,대신 이 상품은 어떤가요?,5.0,kejs1112,복합성 | 웜톤 | 주름 | 모공,5,피부에 자극적이지 않고 순하면서 향도 무향이라서 마음에 들더라구요 발림성이 좋아 잘 발라지고 바르고 나서 촉촉하니 끈적이지 않아서 데일리로 바르기 괜찮더라구요 거기다 펌프형이라서 짜서 쓰는 것 보다 편하게 쓸 수 있으면서 원하는 만큼 쓰기 편해서 잘 구매한 것 같애요
804,https://www.oliveyoung.co.kr/store/goods/getGoodsDetail.do?goodsNo=A000000170383&dispCatNo=100000100010014&trackingCd=Cat100000100010014_Small&t_page=카테고리관&t_click=에센스/세럼/앰플_전체__상품상세&t_number=804,대신 이 상품은 어떤가요?,5.0,s2sunnys2,지성 | 여름쿨톤 | 트러블 | 피지과다,5,"여름휴가 다녀오니 피부가 아주 성나있는 상태에요 이때 진정시킨다고 너무 많은 자극을 주면 오히려 더 뒤집어져서 수분감 많은 제품으로 진정시켜주면 빨리 가라앉아요 진정에 좋은 세럼 찾아보다가 비건제품이 있더라구요 성분도 정말 순하고, 피부에 건강한 화장품이다 싶어서 구매했어요! 시카에서 한단계 업그레이드 된 TECA성분으로 진정과 손상개선을 모두 잡은 완벽한 세럼이에요 어느정도 염증으로 올라온 트러블은 압출을 해주고, 그 외에 좁쌀들은 수분 제품으로 관리를 해주는데 디에이브 세럼을 한 일주일정도 썼나? 압출로 상처난 부위도 많이 가라앉았고, 좁쌀에 붉던 피부톤도 많이 돌아왔어요 역시 성난 피부에는 순한 수분제품으로 관리를 하는게 짱이네요 생각보다 제 피부랑 잘 맞는 세럼이라 계속 사용할 예정이에요><♡"
804,https://www.oliveyoung.co.kr/store/goods/getGoodsDetail.do?goodsNo=A000000170383&dispCatNo=100000100010014&trackingCd=Cat100000100010014_Small&t_page=카테고리관&t_click=에센스/세럼/앰플_전체__상품상세&t_number=804,대신 이 상품은 어떤가요?,5.0,불꽃아이언맨,건성 | 쿨톤 | 잡티 | 모공,5,"쌀쌀해지면 많이 건조해지고 건성이라 세럼을 꼭 사용하는데요 리뷰보고 괸찮을것 같아서 구매했어요. 촉촉한 워터타입에 무향, 무색소고 산뜻하고 겉과속이 전부 촉촉하네요. 보습력 좋고 끈적거림이 없어서 가장 마음에듭니다. 약간 꿀보다 약간 묽은 느낌이고 시간지나도 번들거리거나 기름지지않네요~~"
804,https://www.oliveyoung.co.kr/store/goods/getGoodsDetail.do?goodsNo=A000000170383&dispCatNo=100000100010014&trackingCd=Cat100000100010014_Small&t_page=카테고리관&t_click=에센스/세럼/앰플_전체__상품상세&t_number=804,대신 이 상품은 어떤가요?,5.0,까르123,건성,5,"세럼인데 스포이드 아니고 펌핑형태라서 너무 좋아요. 위생적이고 더 간편해서요. 제형은 수딩젤 알로에젤 같은 느낌인데 무겁지 않고 막상 바르면 얇게 펴지면서 뭉치지 않고 골고루 흡수돼요. 피부가 예민한 편이고 평소 무향 제품을 선호하는 편인데, 무향 무색소라 깨끗한 느낌 너무 좋네요. 수분감 많은 제형인 것 같아서 금방 건조해지지 않을까 걱정했는데 저녁에 바르고 다음날 아침까지 건조함 없이 은은하게 피부가 코팅되어있는 느낌입니다."
804,https://www.oliveyoung.co.kr/store/goods/getGoodsDetail.do?goodsNo=A000000170383&dispCatNo=100000100010014&trackingCd=Cat100000100010014_Small&t_page=카테고리관&t_click=에센스/세럼/앰플_전체__상품상세&t_number=804,대신 이 상품은 어떤가요?,5.0,레캔,지성 | 가을웜톤 | 잡티 | 미백,5,바르고 다음날도 촉촉한 상태여서 간만에 좋은 세럼 만났어요^^ 유분이 느껴지지않고 오로지 수분감만 느껴져서 더 좋았던 것 같아요 펌핑용기라서 간편하게 누르고 사용할수 있다는거도 좋고 예민한 피부인데 자극이 1도 없어서 신기했어요 특허받았다는게 괜히 붙는게 아니더라고요
804,https://www.oliveyoung.co.kr/store/goods/getGoodsDetail.do?goodsNo=A000000170383&dispCatNo=100000100010014&trackingCd=Cat100000100010014_Small&t_page=카테고리관&t_click=에센스/세럼/앰플_전체__상품상세&t_number=804,대신 이 상품은 어떤가요?,5.0,스리리리,건성,5,야외에서 운동하고오면 피부가 자극받아서 그런지 울그락불그락하는게 심하더라고요 특허받은 더마 클레라 성분으로 민감성 피부에 좋다고해서 구매했어요 끈적이지않고 촉촉하게 발리고 고보습이라서 다음날까지 쫀쫀함이 남아있는것같아서 좋아요
804,https://www.oliveyoung.co.kr/store/goods/getGoodsDetail.do?goodsNo=A000000170383&dispCatNo=100000100010014&trackingCd=Cat100000100010014_Small&t_page=카테고리관&t_click=에센스/세럼/앰플_전체__상품상세&t_number=804,대신 이 상품은 어떤가요?,5.0,똥냥이야옹,트러블성,5,"속건조에 민감한피부에요 쫀쫀한 젤타입으로 잘 흡수되고 무겁지 않은 타입이라 가볍게 사용하기 좋구 속건조까지 잘 잘잡줘요 무향 무색소 유해성 무첨가로 자극이없어 데일리로 잘쓰고 있어요 마스크 쓰고나서 트러블이 많이 올라왔었는데 일주일 사용에도 트러블 진정에 도움이 되고 있어요 진정효과 인정 피부재생,손상개선도에도 효과 있다고 하니 꾸준히 써봐야겠어요^^~~"
804,https://www.oliveyoung.co.kr/store/goods/getGoodsDetail.do?goodsNo=A000000170383&dispCatNo=100000100010014&trackingCd=Cat100000100010014_Small&t_page=카테고리관&t_click=에센스/세럼/앰플_전체__상품상세&t_number=804,대신 이 상품은 어떤가요?,5.0,키미키미,복합성 | 쿨톤 | 잡티 | 미백,5,"엄청엄청 좋아요~~ 성분이 정말 순하네요.. ㄷㅏ른 비건제품이나 착한 성분으로 만들었다고 광고를 엄청해다는 다른 브랜드를 써보기도 했었는데 저같은 초초예민, 하얗고 얇은 피부에 수부지 피부인에게는 상황에 따라서 따갑고 홍조가 나거나 가려운 경우가 가끔씩 있었거든요.. 그런데 이 제품은 정말 다르네요. 가을바람으로 엄청나게 메마르고 예민해진 제 피부를 차분하게 진정시켜주는 느낌이네요... 세안하고 바르는데, 토닥토닥 진정을 시켜주는 느낌?이랄까?? 건조해질대로 건조해진 피부를 수분으로 촉촉하게 만들어주네요~~ 겉만 코팅해주는 느낌이 아니라, 속에서부터 수분이 채워지는 느낌에요.. 끈적이지도 않고 싹 스며서 이 디에이브 세럼바르고 아이크림 바르고 디에이브 수분크림으로 코팅해주고 있어요~~최고!!!"
804,https://www.oliveyoung.co.kr/store/goods/getGoodsDetail.do?goodsNo=A000000170383&dispCatNo=100000100010014&trackingCd=Cat100000100010014_Small&t_page=카테고리관&t_click=에센스/세럼/앰플_전체__상품상세&t_number=804,대신 이 상품은 어떤가요?,5.0,키미키미,복합성 | 쿨톤 | 잡티 | 미백,5,"한통 다 비우고 쓰는 후기에요~~ 비슷한 다른 브랜드의 제품을 사용하다가 디에이브 세럼을 알게 되서 호기심에 사보고 지금 한통 다비우니 한달정도 지났네요~~ 일단, 비슷한 여러제품을 써봤지만 그냥 무난하다...정도 였는데 이 제품은 진짜 순하네요. 여태까지 썼던 제품중에 제일 순한것 같아요. 아예 자극 자체가 없어요.. 피부가 너무 예민해서 순하다는 제품을 사용해도 따끔 거릴때가 종조 있었는데 이 제품을 바르면 피부가 완전 편안해지는 느낌을 받아요. 그야말로 진정세럼이에요. 그러면서도 속보습이 되서 얼굴이 전혀 당기지 않더라구요. 피부가 지복합성에 수부지 피부라서 화장품에 엄청 신경을 쓰는데 딱 맞는 제품을 찾아서 재구매합니다. 지금 올영세일기간이라 너무 좋네요... 크림도 재구매각! 만족쓰~ 만족쓰~"
804,https://www.oliveyoung.co.kr/store/goods/getGoodsDetail.do?goodsNo=A000000170383&dispCatNo=100000100010014&trackingCd=Cat100000100010014_Small&t_page=카테고리관&t_click=에센스/세럼/앰플_전체__상품상세&t_number=804,대신 이 상품은 어떤가요?,5.0,석이님,건성 | 쿨톤 | 트러블 | 민감성,5,제형도 여름에 쓰기 좋은 수딩젤? 같은 제형이고 진정에도 너무 좋아서 요즘 데일리 진정과 수분 세럼으로 너무 잘 쓰고 있어요:) 하지만 뭐랄까 건성인 저는 조금 부족해서 2-3번 레이어링 해서 사용해주고 있는데 여러번 덧발라도 안 밀리거 흡수되서 좋더라구요
804,https://www.oliveyoung.co.kr/store/goods/getGoodsDetail.do?goodsNo=A000000170383&dispCatNo=100000100010014&trackingCd=Cat100000100010014_Small&t_page=카테고리관&t_click=에센스/세럼/앰플_전체__상품상세&t_number=804,대신 이 상품은 어떤가요?,5.0,뷰티캐스터,민감성 | 쿨톤 | 블랙헤드 | 민감성,5,자극 없이 순하고 바르고 나면 다음날 진정되는 속도가 장난 아니에요 ㅎㅎ 그리고 무엇보다 성분이 순해서 초민감성 제 피부에도 찰떡으로 잘 맞네요 ㅎㅎ 앞으로 세럼 앰플은 이걸로 정착해서 쓸래요! 완전 강추요 ㅋㅋㅋ
804,https://www.oliveyoung.co.kr/store/goods/getGoodsDetail.do?goodsNo=A000000170383&dispCatNo=100000100010014&trackingCd=Cat100000100010014_Small&t_page=카테고리관&t_click=에센스/세럼/앰플_전체__상품상세&t_number=804,대신 이 상품은 어떤가요?,5.0,cremehee,중성 | 쿨톤 | 미백 | 탄력,5,프랑스 비건 인증 브랜드는 첨보네요ㅎㅎ 성분 좋아서 그런지 순하고 자극 없고 너무 좋아요 부드럽게 흡수 되면서 눈가 주름이나 잔 주름 예방하려고 샀는데 왕 맘에 듭니다 꾸준히 발라주려구요!!
804,https://www.oliveyoung.co.kr/store/goods/getGoodsDetail.do?goodsNo=A000000170383&dispCatNo=100000100010014&trackingCd=Cat100000100010014_Small&t_page=카테고리관&t_click=에센스/세럼/앰플_전체__상품상세&t_number=804,대신 이 상품은 어떤가요?,5.0,김은숙,복합성 | 웜톤 | 미백 | 주름,5,피부가 건조한 편이에요. 피부과에서 레이저를 받아서 더 그런것 같아요. 그래서 속을 채울 수 있는 그런 세럼을 좋아하는덕 요제품 겉돌지 않아 너무 좋아요. 저녁이면 세럼 챙겨 바르고 있는데 발림성 좋고 속까지 촉촉하게 채워주니 아침에 일어나도 피부가 탄력이 있고 부들부들 거려요. 그리고 무엇보다 홍조가 있는편인데 피부가 진정이 되어서 붉은기도 많이 좋아지고 있네요. 만족하며 아주 잘 사용하고 있으며 누구나 사용이 가능할것 같네요.
804,https://www.oliveyoung.co.kr/store/goods/getGoodsDetail.do?goodsNo=A000000170383&dispCatNo=100000100010014&trackingCd=Cat100000100010014_Small&t_page=카테고리관&t_click=에센스/세럼/앰플_전체__상품상세&t_number=804,대신 이 상품은 어떤가요?,5.0,새벙,복합성 | 쿨톤 | 미백 | 피지과다,5,최근들어 예민하고 건조해진 피부에 딱 맞는 세럼을 드디어찾았네요! 끈 적이지않고 산뜻한 발림성~ 넘나 좋구용 몇번 톡톡톡 두드리면 바로 흡수되더라구요 ㅎㅎ 요거 바르고 자고 인낫더니만 전체적으로 피부컨디션이 많이 괜찬아졋어요~ 보습과 진정을 한방에 원하시는 분들은 꼭 추천 드려요!!
804,https://www.oliveyoung.co.kr/store/goods/getGoodsDetail.do?goodsNo=A000000170383&dispCatNo=100000100010014&trackingCd=Cat100000100010014_Small&t_page=카테고리관&t_click=에센스/세럼/앰플_전체__상품상세&t_number=804,대신 이 상품은 어떤가요?,5.0,유난희,민감성 | 겨울쿨톤 | 트러블 | 민감성,5,"+ 속건조완화에 탁월한 제품! 수부지피부라 끈적이고 답답한거 질색하는데 이 제품은 속건조는 잡아주면서 사용감이 좋습니다. + 세럼 사용하고나서 메이크업이 뜨거나 각질이 때처럼 밀리지 않고, 은은하게 광이돌면서 메이크업이 착붙습니다. + 토리든하고 비플레인 무난하게 사용하다가 연관상품 추천에 뜨길래 구매했는데 찐물건을 만난 느낌!!! + 인스타 찾아보니 비건 전문 브랜드고,런칭 후 스토어팜이나 홈피에서 판매하다가 이번에 올리브영에 입점했다고 나오는데 패드나 크림도 엄청 좋다고해서 기대됩니다."
804,https://www.oliveyoung.co.kr/store/goods/getGoodsDetail.do?goodsNo=A000000170383&dispCatNo=100000100010014&trackingCd=Cat100000100010014_Small&t_page=카테고리관&t_click=에센스/세럼/앰플_전체__상품상세&t_number=804,대신 이 상품은 어떤가요?,5.0,yoooho,건성 | 웜톤 | 각질 | 민감성,5,"스토어X에서 사다가 올리브영포인트가 있어서 여기서 샀는데 점점 유명해지고 있는 느낌? 올리브영에서 상위권에 있는 클린뷰티 제품 위주로 구매해서 사용하다가 추천받아서 여기브랜드도 알게 됐는데 몇번 다시 샀네요. 성분표로 보던 직접사용하던 순한 제품인건 확실하고, 예민하고 건조한 피부를 가진사람에겐 과하지 않은 보습효과가 있어서 잔각질이 잘 잠재워지네요. 제형이 끈적이면 화장이 잘 밀리는데, 이건 전혀 밀리 지 않아서 좋아요. 요즘같이 습한 여름철에는 지성피부의 경우에는 단독으로 사용이 가능할 것 같아요."
804,https://www.oliveyoung.co.kr/store/goods/getGoodsDetail.do?goodsNo=A000000170383&dispCatNo=100000100010014&trackingCd=Cat100000100010014_Small&t_page=카테고리관&t_click=에센스/세럼/앰플_전체__상품상세&t_number=804,대신 이 상품은 어떤가요?,5.0,히하후하,복합성 | 웜톤 | 잡티 | 미백,3,시원해서 붉게 올라온곳에 듬뿍바르면 약간 진정이 되는것 같아요.!! But 엄청 시원하거나 진정이 엄청 잘 되는건 아니고 과하지 않게 가볍게 진정되서 데일리로 사용하기 좋아요.!!
804,https://www.oliveyoung.co.kr/store/goods/getGoodsDetail.do?goodsNo=A000000170383&dispCatNo=100000100010014&trackingCd=Cat100000100010014_Small&t_page=카테고리관&t_click=에센스/세럼/앰플_전체__상품상세&t_number=804,대신 이 상품은 어떤가요?,5.0,히하후하,복합성 | 웜톤 | 잡티 | 미백,5,일단 바르면 시원해져여 쿨링감이 조금 있고요. 듬뿍 바르고 흡수시키면 진정이 간편하게 되는것 같아요.!
804,https://www.oliveyoung.co.kr/store/goods/getGoodsDetail.do?goodsNo=A000000170383&dispCatNo=100000100010014&trackingCd=Cat100000100010014_Small&t_page=카테고리관&t_click=에센스/세럼/앰플_전체__상품상세&t_number=804,대신 이 상품은 어떤가요?,5.0,cremehee,중성 | 쿨톤 | 미백 | 탄력,5,남친하고 같이 쓰는 템이에요 마무리감 가볍고 촉촉해지고 피부 안갈라져서 좋아요
804,https://www.oliveyoung.co.kr/store/goods/getGoodsDetail.do?goodsNo=A000000170383&dispCatNo=100000100010014&trackingCd=Cat100000100010014_Small&t_page=카테고리관&t_click=에센스/세럼/앰플_전체__상품상세&t_number=804,대신 이 상품은 어떤가요?,5.0,배선영배선영,건성 | 웜톤 | 잡티 | 미백,5,"산뜻하게 발리면서 끈적이지 않고 자극적이지 않으니 좋아요 피부재생, 자극완호로 더마 클레라성분으로 민감성이나 여드름피부에도 효과적일꺼같아요 펌핑이여서 바르기 좋고 제형감도 좋아서 데일리로 매일 바르니 좋아서 꾸준하게 사용하고있어요"
804,https://www.oliveyoung.co.kr/store/goods/getGoodsDetail.do?goodsNo=A000000170383&dispCatNo=100000100010014&trackingCd=Cat100000100010014_Small&t_page=카테고리관&t_click=에센스/세럼/앰플_전체__상품상세&t_number=804,대신 이 상품은 어떤가요?,5.0,꾸꾸까까루,지성 | 가을웜톤 | 잡티 | 모공,5,"요즘 환경에 관심이 많이 생겨서 화장품 포장용기도 자세히 보는데, 화장품 포장된 종이박스가 코팅되어있으면 재활용이 안된다고 하더라고요. 그런데 요 제품은 코팅 없는 종이로 포장되어있어서 첫 인상이 굉장히 좋았어요. 거기에 비건 코스메틱 제품이라 좀 더 윤리적인 제품인 것 같아요. 용기는 스포이드형 제품이 아니라 펌핑형이라서 사용하기 편하고 위생적으로 쓸 수 있을 것 같아요. 요거 제형이 좀 독특한데 연한 녹색의 겔과 앰플의 중간제형? 앰플이라고 하기엔 꾸덕하고 겔이라고하기엔 묽은 그런 제형입니다. 흐르지 않아서 사용하기는 편하네요ㅎㅎ 사용감도 순하고 좋아요. 기존에 비피다 성분이 잘 맞아서 발효성분 화장품을 좋아하는 편인데 그래서 그런가 저한테는 잘 맞네요. 환절기에 피부가 좀 거칠어지면서 속건조가 있는 편인데 건조함도 덜하고 조금 피부결이 정돈되는 느낌입니다."
804,https://www.oliveyoung.co.kr/store/goods/getGoodsDetail.do?goodsNo=A000000170383&dispCatNo=100000100010014&trackingCd=Cat100000100010014_Small&t_page=카테고리관&t_click=에센스/세럼/앰플_전체__상품상세&t_number=804,대신 이 상품은 어떤가요?,5.0,키미키미,복합성 | 쿨톤 | 잡티 | 미백,5,"디에이브제품 드디어 올리브영온라인몰에서도 판매한다고 해서 바로 구매했어요^^ 💜피부타입 - 지복합성(수부지) 민감하고 얇은 피부, 붉은기 약간 있음. 💜 제형- 라이트해요. 이 브랜드에서 나온 카밍패드 후에 바르는데 촉촉하게 잘 발립니다. 수부지라 여름엔 더더욱 기초에 신경쓰는데 끈적이지 않게 피부에 싹 스밉니다. 💜 향 - 저는 향에 좀 예민한 편인데, 호불호없는 향. 거의 무향인데 숲속향? 은은한 힐링되는 향이 살짝 나는듯해요. 💜 자극 - 피부가 얇고 희고 붉은기도 있고 엄청 예민한 편이고 환절기에는 좁쌀이 종종 올라오기도 하는데, 차갑게 냉장고에 보관했다가 바르니 피부열을 내려주는 것 같기도 하고 진정효과 너무 좋아요. 완전 무자극이에요. 💜 재구매의사 - 보습과 진정케어가 한번에 가능해서 사계절 내내 쓰기에도 좋을 것 같아요. 다른 브랜드에서 나온 세럼 여러개 사용해봤는데 그 중 세손가락에 꼽을 정도로 만족스러워, 올리브영 입점기념으로 할인행사를 하고 있어서 몇 개 더 쟁여놓으려 해요. 디에이브크림과 패드도 언넝 입점시켜주세요^^"
804,https://www.oliveyoung.co.kr/store/goods/getGoodsDetail.do?goodsNo=A000000170383&dispCatNo=100000100010014&trackingCd=Cat100000100010014_Small&t_page=카테고리관&t_click=에센스/세럼/앰플_전체__상품상세&t_number=804,대신 이 상품은 어떤가요?,5.0,동동그링,민감성 | 웜톤 | 잡티 | 트러블,5,"현재 성인이되서도 아토피가 지속적으로 심한편이라서 화장품을 고를때 성분은 물론, 아무리 저자극 제품이더라도 안맞는 경우가 많은데 이 세럼은 너무 묽지도 않고 적당한 쫀쫀함과 끈적임이 거의 없고 보습+주름개선기능이 짱짱해서 그런지 너무 피부가 예민한 날에는 미스트>*바이옴세럼*>크림으로 마무리하곤해요ㅎㅎㅎ 다음날 일어나서도 당김없이 딱 좋은 컨디션을 유지해주니까 화장도 잘 먹어서 항상 소분해서 가방에 담아서 다닐정도에요ㅎㅎㅎ 이건 모든 피부 적합용이라고 당당히 말해도 될 정도네용ㅎㅎㅎ"
804,https://www.oliveyoung.co.kr/store/goods/getGoodsDetail.do?goodsNo=A000000170383&dispCatNo=100000100010014&trackingCd=Cat100000100010014_Small&t_page=카테고리관&t_click=에센스/세럼/앰플_전체__상품상세&t_number=804,대신 이 상품은 어떤가요?,5.0,김쥬디,민감성 | 봄웜톤 | 잡티 | 각질,5,"마스크를 계속 쓰고 다니니 마스크안 피부가 뒤집혀서 수분부족으로도 트러블이 잘 일어난다고 해서 친구가 세럼종류는 덜 기름지니 한번 써보라는 말을 듣고 민감성 피부인 제게 비건화장품 종류가 잘맞을 꺼 같아 비건세럼으로 유명한 바이옴 세럼을 구입했어요 물같이 흐르는 제형이 아니라 피부에 도포하기도 좋고 끈적임이나 유분기도 없고 촉촉하니 피부에 흡수가 잘되고 잠자기전에 바르고 자니 아침에 피부결이 달라지는 게 화장도 잘먹고 유산균 성분인 마이크로바이옴 성분이 들어가 있어 피부장벽을 높여주고, 천연보습제인 자작나무수액이 들어가 있어 피부에 천연보습역할을 해주면서 민감성피부인 제 피부에도 잘맞고 요즘 얼굴에 은은한 꿀광이 돌아서 다들 스킨케어 뭘로 바꿨냐고 많이 물어봐요"
804,https://www.oliveyoung.co.kr/store/goods/getGoodsDetail.do?goodsNo=A000000170383&dispCatNo=100000100010014&trackingCd=Cat100000100010014_Small&t_page=카테고리관&t_click=에센스/세럼/앰플_전체__상품상세&t_number=804,대신 이 상품은 어떤가요?,5.0,pretty2859,지성 | 잡티 | 미백,5,요새 피부관리를 못해서 항상 눈가 주름이 신경쓰였음회사 동생이 좋은 거 샀다고 추천해줘서 발라보니 촉촉했음. 가격도 합리적이어서 피부저자극 주름개선 세럼 구매 함. 세럼제형으로 묽지않고 향은 은은한 꽃향임.바른 후 피부가 촉촉하고 밝게 광이 남. 확실히 피부 저자극이라 원픽임♡
804,https://www.oliveyoung.co.kr/store/goods/getGoodsDetail.do?goodsNo=A000000170383&dispCatNo=100000100010014&trackingCd=Cat100000100010014_Small&t_page=카테고리관&t_click=에센스/세럼/앰플_전체__상품상세&t_number=804,대신 이 상품은 어떤가요?,5.0,sosdudrms,민감성 | 가을웜톤 | 트러블 | 민감성,5,수분보충이랑 진정 한번에되는 세럼 알아보다가 구매했는데 엄청 순하네요 요즘 피부가 건조해져서 거친 상태였는데 세럼 사용하고나서 피부결이 부드러워졌어요 뾰루지 올라온것도 금방 가라앉았고 비건 브랜드라 뭔가 더 믿음이 갔어요ㅎㅎ 많이 건조하거나 왕뾰루지에는 레이어링해서 발라주는데 금방 좋아져서 요즘 제일 많이 바르고 있어용
804,https://www.oliveyoung.co.kr/store/goods/getGoodsDetail.do?goodsNo=A000000170383&dispCatNo=100000100010014&trackingCd=Cat100000100010014_Small&t_page=카테고리관&t_click=에센스/세럼/앰플_전체__상품상세&t_number=804,대신 이 상품은 어떤가요?,5.0,Jeoney,복합성 | 겨울쿨톤 | 민감성,5,환절기를 맞으며 피부가 왤케 거친건지 ㅜㅜ 이것저것 발라봐도 덕지덕지 되어서 끈적하기만 하고 피부결이 개선되는 느낌은 없더라구요 ㅜㅜ 그러다가 찾은 수분 충전에 자극받은 피부를 진정시키는 세럼! 제가 딱 찾던 세럼이라 상세페이지를 꼼꼼히 읽어봤어용 100%비건 화장품에 요즘 세럼 앰플들은 스포이드 형태로 많이 나오던데 펌프형 용기라서 사용하기 더 편하고 좋을것같더라구요 배송오자마자 사용해봤는데 와 이거 향도 넘넘 좋고 발림성 흡수력도 좋아서 바르고 나서 피부가 끈적이지 않아 좋았어요 ㅎㅎ 피부결도 훨씬 수분감이 느껴져서 잘 산것같아 뿌듯했네요~ㅎㅎ
804,https://www.oliveyoung.co.kr/store/goods/getGoodsDetail.do?goodsNo=A000000170383&dispCatNo=100000100010014&trackingCd=Cat100000100010014_Small&t_page=카테고리관&t_click=에센스/세럼/앰플_전체__상품상세&t_number=804,대신 이 상품은 어떤가요?,5.0,봄꿍,건성 | 웜톤 | 잡티 | 미백,5,"요즘 들어 피부가 난리가 낫네여… 오른쪽 편에 점도 5개나 있어서 꽉 차보이는데 거기에 뾰루지까지 계속 올라오니 스트레스 받아서 미치겟어서 세럼부터 바꿔보려고 구매햇어여 집에 잇는거 아무리 발라도 낫질 않아..ㅠㅠ 무향에 ,무색소로 유해성분이 무첨가 됐다더니 세럼 발라보니 정말 순하고 좋앗어여 끈적임 없이 바로 흡수되는게 너무 좋더라구여 제가 그 전 사용하던건 스포이드로 되서 불편햇는데 이건 너무 편하더라구여 꾸준히 사용하고 피부가 얼른 괜찮아지길 ㅠㅠ"
804,https://www.oliveyoung.co.kr/store/goods/getGoodsDetail.do?goodsNo=A000000170383&dispCatNo=100000100010014&trackingCd=Cat100000100010014_Small&t_page=카테고리관&t_click=에센스/세럼/앰플_전체__상품상세&t_number=804,대신 이 상품은 어떤가요?,5.0,tnr****,지성 | 웜톤 | 잡티 | 미백,5,끈적임 없이 산뜻한 발림성으로 피부에 흡수도 잘되고 답답함이 없어 좋아요. 민감하고 예민한 피부에도 자극없이 순하고 피부를 진정시켜주며 촉촉함으로 속건조까지 잡아주는듯 하루종일 촉촉한 느낌이예요 여드름성 피부에 안성맞춤인듯해요 너무좋아용^^
804,https://www.oliveyoung.co.kr/store/goods/getGoodsDetail.do?goodsNo=A000000170383&dispCatNo=100000100010014&trackingCd=Cat100000100010014_Small&t_page=카테고리관&t_click=에센스/세럼/앰플_전체__상품상세&t_number=804,대신 이 상품은 어떤가요?,5.0,sujee****,민감성 | 여름쿨톤 | 트러블 | 민감성,5,"요즘 비건 시들시들해진건 아닌가 너무 걱정이었는데 비건 보자마자 바로 샀어요 ❤️ 일단 컬러 뭐야 넘이뻐ㅠ 지금 1주째 쓰고있는데 트러블 없이 순한 감이 크고, U존이 엄청 건조해서 베이스 잘뜨는편임에도 이거 챱챱 두드려 흡수시켜준뒤로는 매끈하게 발리면서 무너질때도 예뿜!!! 화잘먹템 등극! 피부톤이 환해졌다고 해야하나 균일?해져서 계속 쭉 애정가지고 써볼게요🥹💜"
804,https://www.oliveyoung.co.kr/store/goods/getGoodsDetail.do?goodsNo=A000000170383&dispCatNo=100000100010014&trackingCd=Cat100000100010014_Small&t_page=카테고리관&t_click=에센스/세럼/앰플_전체__상품상세&t_number=804,대신 이 상품은 어떤가요?,5.0,샤맘,지성 | 웜톤 | 잡티 | 다크서클,5,"저는 무향, 무색소로 유해성분이 무첨가된 제품만 찾아 구매해요 예민한 피부라 성분은 꼭 확인하고 사는데 디에이브 더마-데카가 딱 이였어요!산뜻한 발림성까지 계절에 상관없이 바를 수 있어 좋았어요 데일리로 바르고 있습네다"
804,https://www.oliveyoung.co.kr/store/goods/getGoodsDetail.do?goodsNo=A000000170383&dispCatNo=100000100010014&trackingCd=Cat100000100010014_Small&t_page=카테고리관&t_click=에센스/세럼/앰플_전체__상품상세&t_number=804,대신 이 상품은 어떤가요?,5.0,stargaze33,건성 | 여름쿨톤 | 주름 | 각질,5,홍조가 있어서 피부 열감 느껴질 때 바르니 시원하게 진정되는 느낌이고 생각보다 보습감도 있어서 좋아요. 제형은 알로에젤 바르는 느낌이고 소량으로도 보드랍고 넓게 잘 펴발라지네요. 마무리는 산뜻촉촉한 텍스쳐로 되고 사용감이 순해서 만족스럽습니다!
804,https://www.oliveyoung.co.kr/store/goods/getGoodsDetail.do?goodsNo=A000000170383&dispCatNo=100000100010014&trackingCd=Cat100000100010014_Small&t_page=카테고리관&t_click=에센스/세럼/앰플_전체__상품상세&t_number=804,대신 이 상품은 어떤가요?,5.0,젠젠젠젠젠,건성 | 웜톤,5,끈적이지 않고 산뜻한 편이라 여름에 바르기 좋은것 같아요~ 산뜻한데도 보습이 좋아서 아침에 바르면 저녁때까지 촉촉해요. 펌핑용기라 사용하기도 편하고 제품도 좋아서 잘 쓰고 있어요. 화장품 향 진한 제품 별로 안 좋아하는데 이 제품은 향도 거의 무향에 가까운 정도라 듬뿍 발라도 부담없어 좋아요 살짝 발라도 보습력 좋아 건조하지 않지만 듬뿍 바르면 확실히 피부가 좋아보여서 많이 바르게 되네요~ 제품 바꾸고 나서 피부 관리 하냐며 얼굴이 좋아졌다고 주변사람들이 말해줘서 뿌듯해요. 기존에 사용하던 제품이 품절이라 이번에는 새로운 제품으로 선택했는데 전에 사용하던것 보다 훨씬 좋네요 화장품에 예민하신 저희 엄마도 써보고 나서 사용감이 너무 좋다면서 매일 써요 ㅋㅋㅋ 같은 라인의 다른 제품도 구매해서 사용해보고 싶어요!!
804,https://www.oliveyoung.co.kr/store/goods/getGoodsDetail.do?goodsNo=A000000170383&dispCatNo=100000100010014&trackingCd=Cat100000100010014_Small&t_page=카테고리관&t_click=에센스/세럼/앰플_전체__상품상세&t_number=804,대신 이 상품은 어떤가요?,5.0,RayRay,건성 | 웜톤 | 트러블 | 민감성,5,일반적으로 흐르는 제형의 앰플이랑은 느낌이 다르네요. 뭔가 몽글몽글 쫀쫀한 느낌의 제형이면서 라이트한 발림성이에요. 쿨링감도 있어서 진정 효과도 있는 듯 하고 바를 때 자극이 없어서 좋은 것 같아요 :) 지금 같은 계절에 사용하기 좋을 것 같고 데일리하게 사용하기 괜찮은 세럼 같아요 ㅎㅎ 다만 한 번 펌핑할 때 토출량이 적어서 그런지 금방금방 사용하게 되네요 🥲
