ingredients,Total_Count,로션,미스트/오일,스킨/토너,에센스/세럼/앰플,크림
글리세린,1081,83,45,115,457,381
소듐하이알루로네이트,395,33,10,47,173,132
나이아신아마이드,341,23,9,16,184,109
토코페롤,334,23,20,21,140,130
다이소듐이디티에이,313,29,12,45,133,94
아데노신,304,23,14,12,148,107
알란토인,238,8,3,34,110,83
하이드롤라이즈드하이알루로닉애씨드,226,20,10,28,82,86
세라마이드엔피,222,15,7,15,87,98
베타인,210,19,8,32,97,54
카프릴릴글라이콜,179,16,5,13,75,70
하이알루로닉애씨드,178,10,8,22,75,63
알지닌,170,15,5,9,86,55
병풀추출물,165,16,8,24,66,51
스쿠알란,160,10,7,6,62,75
베타-글루칸,142,6,5,9,78,44
소듐하이알루로네이트크로스폴리머,136,7,4,15,58,52
암모늄아크릴로일다이메틸타우레이트/브이피코폴리머,136,16,0,4,51,65
마데카소사이드,136,16,2,20,48,50
향료,125,8,15,7,48,47
하이드록시에틸아크릴레이트/소듐아크릴로일다이메틸타우레이트코폴리머,111,13,0,7,22,69
아시아티코사이드,110,15,2,11,48,34
소듐아세틸레이티드하이알루로네이트,110,10,4,13,42,41
다이포타슘글리시리제이트,106,2,6,7,48,43
세테아릴올리베이트,103,8,0,2,16,77
마데카식애씨드,101,15,1,10,44,31
하이드록시아세토페논,99,7,7,11,40,34
리날룰,95,9,10,7,42,27
트레할로오스,94,5,3,8,52,26
덱스트린,93,5,1,9,54,24
하이드록시프로필트라이모늄하이알루로네이트,93,4,3,12,42,32
글루코오스,89,9,3,9,29,39
아시아틱애씨드,88,15,1,0,43,29
하이드롤라이즈드소듐하이알루로네이트,87,7,4,12,32,32
해바라기씨오일,84,5,10,5,33,31
인도멀구슬나무잎추출물,82,1,4,3,42,32
소듐파이테이트,79,3,2,5,35,34
인도멀구슬나무꽃추출물,79,1,2,3,43,30
하이드로제네이티드폴리(C6-14올레핀),77,0,0,0,0,77
프룩토올리고사카라이드,76,3,3,5,33,32
시어버터,72,4,0,1,20,47
자일리톨,70,2,6,10,29,23
비닐다이메티콘,68,7,0,1,12,48
울금뿌리추출물,67,0,4,2,35,26
락토바실러스발효물,67,5,3,4,31,24
카퍼트라이펩타이드-1,65,3,6,3,23,30
시트로넬올,65,0,10,3,30,22
글리세릴아크릴레이트/아크릴릭애씨드코폴리머,64,3,1,2,30,28
글리세레스-26,62,4,4,8,34,12
참산호말추출물,62,0,2,2,35,23
홀리바질잎추출물,61,0,2,2,34,23
아세틸헥사펩타이드-8,61,4,3,3,26,25
포타슘하이알루로네이트,60,1,2,10,25,22
소듐스테아로일글루타메이트,59,9,2,3,16,29
제라니올,58,0,9,2,30,17
글루코노락톤,58,10,3,10,22,13
소듐디엔에이,58,1,5,5,28,19
토코페릴아세테이트,55,2,5,0,24,24
글루타티온,54,0,2,1,34,17
하이드록시에틸셀룰로오스,54,2,0,5,28,19
하이드롤라이즈드콜라겐,54,2,2,3,25,22
C14-22알코올,54,9,0,0,10,35
마카다미아씨오일,54,4,1,2,23,24
약모밀추출물,53,3,3,7,26,14
하이드로제네이티드폴리아이소부텐,53,4,0,0,17,32
병풀잎추출물,52,4,2,6,18,22
팔미토일트라이펩타이드-1,51,3,4,2,21,21
팔미토일펜타펩타이드-4,51,3,5,2,17,24
글라이신,51,1,0,4,23,23
글리세릴글루코사이드,50,9,1,7,15,18
글루타믹애씨드,49,0,0,3,28,18
실리카,49,14,0,1,20,14
스페인감초뿌리추출물,46,5,1,4,23,13
말토덱스트린,46,3,3,6,15,19
소듐폴리아크릴로일다이메틸타우레이트,45,4,0,1,20,20
황금추출물,45,4,0,5,23,13
로즈마리잎오일,45,7,1,0,21,16
올리브오일,43,1,0,2,18,22
쇠비름추출물,43,2,3,11,13,14
피토스핑고신,43,2,1,2,13,25
사이아노코발아민,43,0,3,1,25,14
트라이소듐이디티에이,42,1,1,7,14,19
팔미토일테트라펩타이드-7,42,2,1,2,20,17
팔미토일트라이펩타이드-5,42,1,3,1,17,20
시트랄,41,1,4,3,20,13
카카오추출물,41,1,0,7,21,12
아이비고드열매추출물,41,0,2,1,23,15
호호바씨오일,41,1,2,0,19,19
락토바실러스발효용해물,41,0,5,1,20,15
만니톨,40,1,0,4,18,17
펜타에리스리틸테트라에틸헥사노에이트,37,0,0,3,6,28
글리세린-3,37,1,2,2,22,10
폴리쿼터늄-51,37,3,5,4,15,10
락토바실러스/콩발효추출물,36,2,2,1,17,14
가지열매추출물,36,0,2,1,19,14
3-O-에틸아스코빅애씨드,36,0,0,1,28,7
베르가모트오일,36,3,0,5,16,12
다이메티콘/비닐다이메티콘크로스폴리머,36,6,0,1,6,23
하이드롤라이즈드글라이코사미노글리칸,36,1,0,5,18,12
트라이펩타이드-1,35,3,3,1,12,16
돌콩오일,35,1,5,1,17,11
자일리틸글루코사이드,35,2,4,5,13,11
바이오사카라이드검-1,34,2,2,1,15,14
피브이엠/엠에이코폴리머,34,2,0,0,18,14
히스티딘,33,0,0,4,17,12
피토스테롤,33,4,0,1,13,15
안하이드로자일리톨,33,2,4,5,11,11
라벤더오일,33,0,1,4,18,10
다시마추출물,33,6,1,3,11,12
오렌지껍질오일,32,0,0,2,19,11
카프릴릴/카프릴글루코사이드,32,1,2,2,21,6
폴리아크릴레이트크로스폴리머-6,31,4,0,2,18,7
에틸헥실팔미테이트,31,2,0,1,9,19
프룩토오스,31,0,1,4,16,10
엑토인,31,1,1,2,14,13
헥사펩타이드-9,31,1,2,2,11,15
클로렐라 불가리스추출물,31,0,1,2,16,12
무화과추출물,31,1,2,1,13,14
소듐아스코빌포스페이트,31,1,0,0,16,14
라임전초오일,30,6,0,2,13,9
카페인,30,1,0,0,19,10
글리세릴폴리메타크릴레이트,30,1,0,2,15,12
로즈마리잎추출물,29,3,7,4,8,7
솔비톨,29,1,4,3,13,8
말라카이트추출물,29,3,1,3,9,13
징크피씨에이,29,3,1,1,17,7
세라마이드에이피,29,1,4,0,9,15
마트리카리아꽃추출물,28,3,2,4,10,9
비피다발효용해물,28,0,3,2,15,8
다이메티콘올,28,2,0,0,7,19
흰버드나무껍질추출물,28,3,0,5,12,8
참마뿌리추출물,28,5,2,3,10,8
카프릴로일살리실릭애씨드,28,4,0,6,12,6
카프릴릴메티콘,27,8,0,0,6,13
멕시칸주니퍼오일,27,1,0,4,12,10
노나펩타이드-1,27,0,3,2,9,13
다이카프릴릴에터,27,0,2,0,0,25
치자추출물,26,1,0,0,13,12
아이소류신,26,0,0,3,13,10
당느릅나무뿌리추출물,26,8,0,3,9,6
트라넥사믹애씨드,26,0,0,1,17,8
페닐트라이메티콘,26,3,1,1,8,13
데실글루코사이드,26,6,0,4,14,2
칸디다 봄비콜라/글루코오스/메틸레이프씨데이트발효물,26,2,3,2,6,13
다이카프릴릴카보네이트,25,1,1,0,5,18
세라마이드이오피,25,1,4,0,9,11
유채스테롤,25,0,0,3,12,10
라이신,25,0,0,2,13,10
류신,25,0,0,2,13,10
메티오닌,25,0,0,2,13,10
아세틸테트라펩타이드-5,24,3,3,0,6,12
셀룰로오스검,24,0,3,3,12,6
메도우폼씨오일,24,1,2,1,8,12
에리스리톨,24,2,0,4,9,9
폴리글루타믹애씨드,24,1,0,1,13,9
티트리잎추출물,24,0,0,7,9,8
카카오씨추출물,24,1,2,2,14,5
메틸글루세스-20,24,0,1,1,22,0
글라이코리피드,23,0,0,0,12,11
글라이코실트레할로오스,23,1,2,1,10,9
퀸즈랜드넛오일,23,2,2,2,5,12
백미꽃추출물,23,1,1,4,9,8
한련초잎추출물,23,3,1,0,9,10
콜라겐,23,0,2,0,15,6
타이로신,23,0,0,2,12,9
포트마리골드꽃추출물,22,1,2,0,12,7
하이드롤라이즈드엘라스틴,22,2,1,0,14,5
당근추출물,22,3,2,0,9,8
하이드로제네이티드스타치하이드롤리세이트,22,1,2,1,9,9
페룰릭애씨드,22,0,0,0,19,3
바이오틴,22,0,0,0,14,8
프룩탄,21,2,3,1,6,9
비사보롤,21,1,0,1,11,8
다이펩타이드다이아미노부티로일벤질아마이드다이아세테이트,21,0,1,1,9,10
수용성콜라겐,21,1,1,0,12,7
피이지-100스테아레이트,21,1,0,0,9,11
하이드록시에틸우레아,21,3,4,0,11,3
귀리커넬추출물,21,2,3,0,7,9
다이메틸실란올하이알루로네이트,21,0,0,3,8,10
프로폴리스추출물,21,1,2,1,11,6
접시꽃추출물,20,2,1,3,6,8
유칼립투스잎추출물,20,1,3,1,8,7
소듐포스페이트,20,0,2,1,7,10
효모발효여과물,20,1,0,2,7,10
레티놀,20,3,1,1,10,5
다마스크장미꽃수,20,0,0,1,13,6
폴리아크릴레이트-13,20,2,0,0,3,15
베타-카로틴,20,1,2,0,9,8
아이리쉬모스추출물,20,1,1,3,14,1
녹차수,20,1,2,2,7,8
수크로오스,20,0,1,3,7,9
하이드록시프로필사이클로덱스트린,20,4,0,0,13,3
다이페닐다이메티콘,20,1,1,2,13,3
세라마이드엔에스,20,1,3,0,7,9
하이드로제네이티드폴리,20,9,4,0,7,0
잇꽃꽃추출물,19,1,1,1,14,2
에스에이치-올리고펩타이드-1,19,0,1,0,12,6
콜라겐추출물,19,2,0,0,10,7
소듐락테이트,19,2,0,2,12,3
팔미토일헥사펩타이드-12,19,1,1,1,6,10
소듐피씨에이,19,0,3,3,8,5
모란뿌리추출물,19,1,0,0,12,6
덱스트란,19,0,1,1,11,6
사과추출물,19,1,1,3,8,6
세라마이드에이에스,19,1,3,0,6,9
알로에베라잎추출물,18,5,0,4,4,5
티타늄디옥사이드,18,0,0,0,8,10
미리스틱애씨드,18,4,0,0,4,10
호장근뿌리추출물,18,4,0,3,7,4
알파-알부틴,18,0,0,0,14,4
사탕수수추출물,18,1,2,5,10,0
칡뿌리추출물,18,5,0,1,7,5
쑥잎추출물,18,1,1,1,11,4
드럼스틱씨오일,18,0,4,0,7,7
피토스테릴/베헤닐/옥틸도데실라우로일글루타메이트,18,0,0,1,6,11
폴리메틸실세스퀴옥세인,18,3,0,1,14,0
소듐아크릴레이트/소듐아크릴로일다이메틸타우레이트코폴리머,18,1,0,0,10,7
광곽향오일,17,1,0,1,5,10
우레아,17,2,0,2,5,8
카르노신,17,1,3,0,6,7
소듐하이알루로네이트다이메틸실란올,17,0,0,3,6,8
황련뿌리추출물,17,2,0,2,8,5
밤껍질추출물,17,2,0,2,8,5
캐모마일꽃오일,17,1,1,0,7,8
풀루란,16,0,0,0,13,3
알로에베라꽃추출물,16,0,1,1,9,5
판토테닉애씨드,16,3,0,0,9,4
비에이치티,16,2,1,1,7,5
아세틸다이펩타이드-1세틸에스터,16,1,0,1,5,9
아세틸테트라펩타이드-9,16,0,3,0,4,9
다마스크장미꽃오일,16,0,0,0,12,4
베타-시토스테롤,16,0,2,1,6,7
펜타에리스리틸테트라아이소스테아레이트,16,1,0,1,2,12
알부틴,16,0,0,1,11,4
아세틸테트라펩타이드-2,15,1,2,0,6,6
리놀레익애씨드,15,0,1,0,6,8
아세틸테트라펩타이드-3,15,0,2,0,7,6
달맞이꽃꽃추출물,15,3,1,1,6,4
소나무잎추출물,15,4,0,3,4,4
다이펩타이드-2,15,3,1,0,5,6
커피콩추출물,15,5,1,1,6,2
메틸다이아이소프로필프로피온아마이드,15,0,1,2,6,6
효모/감자추출물발효여과물,15,1,2,1,7,4
류코노스톡/무발효여과물,15,0,0,1,9,5
오일팜오일,15,0,3,0,4,8
아세틸글루코사민,15,0,0,2,11,2
팔미토일트라이펩타이드-8,15,0,1,1,7,6
수용성프로테오글리칸,15,0,1,1,4,9
지모뿌리추출물,14,0,1,0,9,4
트라이소듐에틸렌다이아민다이석시네이트,14,0,1,3,4,6
비타민나무열매추출물,14,1,1,0,9,3
레몬밤잎추출물,14,1,4,0,5,4
소듐헤파린,14,0,0,1,6,7
람노오스,14,0,0,3,3,8
바쿠치올,14,0,0,0,7,7
아보카도열매추출물,14,3,0,5,0,6
효모/보리씨발효여과물,13,0,1,1,7,4
아세틸옥타펩타이드-3,13,1,2,0,5,5
합성비즈왁스,13,1,0,0,0,12
온천수,13,1,3,1,3,5
라우릭애씨드,13,2,0,0,4,7
비스-피이지-18메틸에터다이메틸실레인,13,1,0,2,6,4
대왕소나무잎추출물,13,3,0,1,5,4
토마토추출물,13,0,1,0,6,6
코코넛야자오일,13,0,1,0,1,11
폴리아이소부텐,13,1,0,0,9,3
한련초추출물,13,0,2,0,6,5
글라이코스핑고리피드,13,0,0,1,6,6
암모늄폴리아크릴로일다이메틸타우레이트,13,1,0,0,7,5
아스코빅애씨드폴리펩타이드,13,0,2,0,3,8
마그네슘설페이트,13,0,2,0,3,8
아이소프로필미리스테이트,13,0,1,0,10,2
아르간커넬오일,13,0,2,0,3,8
티트리추출물,13,0,1,3,6,3
코코-카프릴레이트/카프레이트,13,1,2,0,5,5
베르가모트잎추출물,12,3,1,1,5,2
글리시레티닉애씨드,12,0,0,0,3,9
펜타펩타이드-3,12,0,1,1,2,8
소듐메타포스페이트,12,0,1,1,8,2
아세틸글루타민,12,1,1,1,4,5
띠뿌리추출물,12,0,0,0,8,4
폴리글리세릴-2다이폴리하이드록시스테아레이트,12,0,0,0,9,3
트루로즈오브예리코추출물,12,0,1,2,2,7
티옥틱애씨드,12,0,0,0,10,2
하이드록시프로필비스팔미타마이드엠이에이,12,1,0,0,4,7
소듐글루코네이트,12,0,0,0,9,3
에스에이치-폴리펩타이드-1,12,0,0,0,9,3
아스코빌글루코사이드,12,0,0,0,11,1
펜타에리스리틸테트라-다이-t-부틸하이드록시하이드로신나메이트,12,0,1,0,2,9
판토락톤,12,0,1,0,3,8
라반딘오일,12,6,0,1,2,3
레틴알,12,0,0,0,3,9
사카라이드아이소머레이트,12,0,1,0,8,3
타임잎추출물,12,0,1,0,7,4
편백잎추출물,12,1,1,2,6,2
이눌린,12,0,1,1,4,6
하이드롤라이즈드치자추출물,11,1,0,1,4,5
트라이데세스-10,11,0,0,0,2,9
살비아오일,11,3,0,2,1,5
별꽃추출물,11,0,0,0,7,4
적색산화철,11,0,0,0,7,4
레스베라트롤,11,0,0,0,9,2
서양송악잎/줄기추출물,11,0,0,1,4,6
호호바에스터,11,1,0,0,0,10
글라이코프로테인,11,1,0,1,6,3
아시아틱 애씨드,11,0,0,11,0,0
연어알추출물,11,0,1,5,2,3
스핑고모나스발효추출물,10,0,0,1,8,1
락토코쿠스발효용해물,10,0,1,2,5,2
달맞이꽃오일,10,1,0,0,3,6
식물성스쿠알란,10,0,0,0,6,4
하이드롤라이즈드식물성단백질,10,0,0,0,4,6
도둑놈의지팡이뿌리추출물,10,0,1,0,7,2
전호추출물,10,0,0,3,4,3
양파추출물,10,0,1,0,6,3
카놀라오일,10,0,1,0,1,8
아세틸테트라펩타이드-11,10,0,0,1,7,2
니코틴아마이드모노뉴클레오타이드,10,0,0,0,9,1
헥실신남알,10,0,3,1,1,5
하이드롤라이즈드익스텐신,10,0,1,0,4,5
셀룰로오스,10,0,0,2,5,3
아모다이메티콘,10,0,1,0,5,4
버지니아풍년화추출물,10,0,0,1,5,4
로즈힙열매추출물,10,0,0,0,5,5
오카무라큰실말추출물,10,3,0,1,4,2
아틀라스시다나무껍질오일,10,6,0,0,3,1
라피노오스,10,1,1,1,3,4
소듐다이라우미도글루타미드라이신,10,3,1,0,5,1
하늘타리뿌리추출물,10,0,1,3,3,3
레몬껍질오일,10,0,0,4,4,2
꿀추출물,10,0,1,1,7,1
글루타민,10,0,0,1,4,5
아티초크잎추출물,10,2,1,0,2,5
클레리오일,10,0,0,0,6,4
올리고펩타이드-2,10,1,1,0,3,5
자작나무수액,10,1,0,4,1,4
아세틸헥사펩타이드-1,10,0,1,0,3,6
인삼추출물,10,0,2,1,6,1
맥아추출물,10,0,0,1,1,8
다마스크장미꽃추출물,10,0,2,0,6,2
흰서양송로추출물,10,0,3,0,2,5
라벤더꽃추출물,10,0,2,0,2,6
마그네슘클로라이드,9,0,0,1,7,1
개똥쑥추출물,9,1,1,3,1,3
알로에베라잎즙,9,2,0,0,6,1
보리지추출물,9,2,2,0,1,4
바이오사카라이드검-4,9,0,1,1,1,6
에칠아스코빌에텔,9,1,0,1,5,2
포도씨오일,9,0,0,0,4,5
데이지꽃추출물,9,0,2,0,5,2
고삼뿌리추출물,9,1,0,0,5,3
다이메틸아이소소바이드,9,0,0,0,8,1
폴릭애씨드,9,1,0,0,4,4
콜라겐아미노산,9,0,1,0,3,5
석류추출물,9,0,2,0,5,2
미리스토일/팔미토일옥소스테아라마이드/아라카마이드엠이에이,9,2,0,1,0,6
사코신,9,2,0,0,3,4
돌콩배아추출물,9,1,0,0,2,6
폴스애플민트잎추출물,9,0,0,0,6,3
마이카,9,0,0,0,6,3
지치뿌리추출물,9,0,2,0,3,4
티트리잎수,9,0,0,3,4,2
헥실데칸올,9,0,0,1,5,3
캐스터오일/아이피디아이코폴리머,9,0,2,0,3,4
에스에이치-폴리펩타이드-3,9,0,0,0,6,3
유비퀴논,9,0,0,0,7,2
에틸헥실스테아레이트,9,4,0,1,0,4
에스에이치-올리고펩타이드-2,9,0,0,0,6,3
제비꽃꽃추출물,9,4,0,2,2,1
베타인살리실레이트,9,0,0,2,5,2
마이크로크리스탈린셀룰로오스,9,0,0,0,3,6
스피어민트잎오일,9,0,0,2,3,4
하이드로제네이티드식물성오일,9,0,0,0,3,6
포도추출물,9,2,0,0,4,3
비피다발효여과물,9,1,0,2,4,2
하이드롤라이즈드옥수수전분,9,0,1,1,3,4
참당귀뿌리추출물,8,0,1,0,5,2
흰목이버섯폴리사카라이드,8,1,0,1,1,5
파파야열매추출물,8,0,1,3,2,2
산양삼추출물,8,0,1,0,6,1
올리고펩타이드-1,8,1,1,0,5,1
다이펩타이드-4,8,0,0,0,5,3
로즈마리잎수,8,0,0,0,5,3
비파나무잎추출물,8,0,1,0,7,0
사과씨추출물,8,0,0,1,5,2
하이드록시에틸피페라진에탄설포닉애씨드,8,0,1,0,3,4
다이스타치포스페이트,8,0,0,0,2,6
아스파라진,8,0,0,1,4,3
아라비아고무나무검,8,1,0,0,5,2
필리핀오렌지껍질오일,8,0,0,1,2,5
하이드록시페닐프로파미도벤조익애씨드,8,0,1,2,4,1
실리카다이메틸실릴레이트,8,0,0,0,2,6
세라마이드엔지,8,0,1,0,1,6
비스-하이드록시에톡시프로필다이메티콘,8,0,0,0,1,7
벤질살리실레이트,8,0,0,0,3,5
감나무잎추출물,8,2,0,1,5,0
아텔로콜라겐,8,0,1,0,3,4
오레가노잎추출물,8,0,3,0,2,3
라즈베리케톤,8,0,0,2,4,2
효모발효추출물,8,0,0,0,4,4
돌콩추출물,8,0,1,3,1,3
하이드롤라이즈드디엔에이,8,0,0,0,7,1
로우스위트블루베리추출물,8,0,0,0,7,1
황해쑥잎수,8,1,1,0,2,4
호박가루,8,0,2,0,3,3
글리세레스-25피씨에이아이소스테아레이트,8,0,0,4,2,2
아크릴레이트/암모늄메타크릴레이트코폴리머,8,1,0,0,4,3
녹차씨오일,8,0,0,0,5,3
아보카도오일,8,0,4,0,1,3
비타민나무수,8,0,1,1,5,1
마그네슘아스코빌포스페이트,8,0,0,0,5,3
유칼립투스잎오일,8,0,0,2,4,2
병풀꽃/잎/줄기추출물,8,1,1,0,1,5
니코틴아마이드아데닌다이뉴클레오타이드,8,0,0,0,8,0
헥사펩타이드-2,8,0,0,0,2,6
레몬밤꽃/잎/줄기수,8,0,0,0,5,3
베헤닉애씨드,8,0,1,0,3,4
메나다이온,8,0,0,0,4,4
헥사펩타이드-11,8,2,1,0,4,1
에스에이치-폴리펩타이드-22,8,0,0,0,6,2
흰목이버섯추출물,8,1,0,1,5,1
쌀추출물,7,1,1,0,2,3
불가리스쑥오일,7,0,0,0,5,2
가시대나무수액,7,0,0,3,1,3
이노시톨,7,0,1,0,3,3
사카라이드하이드롤리세이트,7,2,0,0,2,3
와일드인디고뿌리추출물,7,0,0,0,3,4
라즈베리잎추출물,7,0,0,0,3,4
개박하추출물,7,0,0,0,3,4
황색4호,7,1,0,1,2,3
스트렙토코쿠스 테르모필루스발효물,7,0,3,1,1,2
하이드롤라이즈드삼색제비꽃추출물,7,1,0,1,2,3
에스에이치-데카펩타이드-7,7,0,0,0,7,0
콩폴리펩타이드,7,0,0,0,1,6
테트라데실아미노부티로일발릴아미노부티릭우레아트라이플루오로아세테이트,7,0,0,0,7,0
레티닐팔미테이트,7,0,0,0,4,3
비치스트로베리추출물,7,0,0,0,3,4
하수오뿌리추출물,7,0,0,0,5,2
피리독신,7,0,0,0,4,3
트라이펩타이드-3,7,1,0,0,3,3
레이디스맨틀잎추출물,7,0,0,0,3,4
효모발효물,7,2,1,1,2,1
님잎추출물,7,0,0,3,1,3
라미나리아 오크롤레우카추출물,7,0,0,0,3,4
더덕뿌리추출물,7,0,1,0,4,2
에스에이치-폴리펩타이드-9,7,0,0,0,4,3
겨우살이추출물,7,0,0,0,3,4
에스에이치-옥타펩타이드-4,7,0,0,0,7,0
하이드록시시트로넬알,7,0,2,0,1,4
스타아니스열매/씨오일,7,6,1,0,0,0
효모폴리펩타이드,7,0,1,0,3,3
바오밥나무씨오일,7,0,1,0,6,0
티트리꽃/잎/줄기추출물,7,0,0,3,2,2
발삼아미리스껍질오일,7,0,0,1,4,2
다발방패버섯추출물,7,0,0,0,2,5
에스에이치-폴리펩타이드-11,7,0,0,0,4,3
아라키딕애씨드,7,2,0,0,2,3
포스포리피드,7,0,0,0,2,5
감초뿌리추출물,7,0,0,2,4,1
팔미타마이드엠이에이,7,2,0,0,2,3
하이드로제네이티드코코-글리세라이즈,7,0,0,0,0,7
미네랄솔트,7,0,1,0,1,5
하이드롤라이즈드맥아추출물,7,1,0,1,2,3
마카뿌리추출물,7,1,0,0,1,5
작약뿌리추출물,7,1,0,0,6,0
병풀뿌리추출물,7,1,0,0,3,3
헵타소듐헥사카복시메틸다이펩타이드-12,7,0,0,0,4,3
동백나무씨오일,6,0,2,0,1,3
하이드록시피나콜론레티노에이트,6,0,0,0,5,1
마시멜로뿌리추출물,6,0,0,0,3,3
당근씨오일,6,0,1,0,1,4
아세타마이드엠이에이,6,2,0,0,2,2
옥수수커넬추출물,6,0,1,0,3,2
메도우스위트꽃추출물,6,1,0,0,3,2
엘라스틴,6,0,0,0,4,2
미역추출물,6,0,1,1,2,2
타임추출물,6,0,0,0,5,1
알파-아이소메틸아이오논,6,1,1,1,0,3
바나나추출물,6,0,1,0,2,3
피브이피,6,0,0,1,4,1
트라이에톡시카프릴릴실레인,6,0,0,0,1,5
다이페닐실록시페닐트라이메티콘,6,0,1,0,1,4
홍삼추출물,6,0,0,1,5,0
병풀잎수,6,0,0,3,1,2
영지버섯추출물,6,0,0,0,6,0
폴리글루쿠로닉애씨드,6,0,1,0,5,0
구아검,6,0,0,0,2,4
옥탄다이올,6,0,1,3,1,1
아데노신포스페이트,6,6,0,0,0,0
라우릴글루코사이드,6,0,0,0,6,0
서양측백나무잎오일,6,6,0,0,0,0
구주소나무잎오일,6,6,0,0,0,0
터펜틴,6,6,0,0,0,0
바실러스발효물,6,1,0,0,4,1
덱스판테놀,6,0,0,0,1,5
사이클로덱스트린,6,0,0,1,4,1
리솔레시틴,6,0,0,0,4,2
미리스틸글루코사이드,6,0,0,0,6,0
스타아니스추출물,6,0,0,1,4,1
올레아놀릭애씨드,6,0,0,0,3,3
오크라열매추출물,6,0,0,1,3,2
폴리실리콘-11,6,2,0,0,2,2
씨대퍼딜추출물,6,0,0,1,1,4
칼슘글루코네이트,6,0,0,1,2,3
소듐팔미토일프롤린,6,0,2,0,1,3
돌콩펩타이드,6,0,0,0,3,3
에스에이치-폴리펩타이드-16,6,0,0,0,4,2
연필향나무오일,6,0,0,0,3,3
산수유열매추출물,6,0,0,0,6,0
스키조사카로미세스발효여과물,6,2,0,1,0,3
쌀배아오일,6,0,0,0,0,6
하이드롤라이즈드해면,6,0,0,0,6,0
히아신스전초추출물,6,0,0,1,1,4
살비아잎추출물,6,1,2,0,2,1
피씨에이,6,0,0,1,4,1
몰로키아잎추출물,6,2,0,0,3,1
리놀레닉애씨드,6,0,1,0,4,1
슈도알테로모나스발효추출물,6,0,0,0,0,6
아데노신트라이포스페이트,6,0,0,0,6,0
버지니아풍년화잎추출물,6,0,1,1,2,2
트라이에틸시트레이트,6,0,1,0,1,4
올리브오일불검화물,6,1,0,0,0,5
하이드록시프로필비스라우라마이드엠이에이,6,1,1,0,0,4
소듐메타바이설파이트,6,0,0,1,4,1
동충하초추출물,6,0,0,1,4,1
C12-14파레스-12,6,0,0,2,3,1
초피나무열매추출물,6,1,1,1,3,0
7-데하이드로콜레스테롤,6,2,0,0,0,4
징크글루코네이트,6,0,0,2,1,3
구아이아줄렌,6,0,0,0,5,1
육계나무껍질추출물,6,0,0,0,4,2
팔미토일다이펩타이드-7,6,1,0,0,1,4
지황뿌리추출물,6,0,1,0,5,0
징크옥사이드,6,0,0,1,3,2
칼슘판토테네이트,5,1,0,0,3,1
비타민나무오일,5,1,2,0,0,2
서양배추출물,5,0,0,0,3,2
프랑스해안송껍질추출물,5,0,0,0,3,2
카바카바잎/뿌리/줄기추출물,5,1,0,0,3,1
포도세포추출물,5,0,0,0,3,2
멕시칸치아씨추출물,5,0,2,0,2,1
검은뽕나무열매추출물,5,0,0,0,4,1
스테아릴다이메티콘,5,1,0,0,0,4
피이지-40스테아레이트,5,0,0,0,1,4
삼색제비꽃추출물,5,0,0,0,3,2
트라이펩타이드-2,5,1,0,0,1,3
알바수련꽃추출물,5,1,2,1,1,0
클레리추출물,5,0,0,0,1,4
카카두플럼추출물,5,1,0,0,3,1
밀배아오일불검화물,5,1,0,0,0,4
라즈베리추출물,5,0,1,0,3,1
돌콩오일불검화물,5,1,0,0,0,4
카프릴로일글라이신,5,0,0,1,0,4
시트룰린,5,0,0,1,0,4
히비스커스꽃추출물,5,1,1,0,1,2
갈락토미세스발효여과물,5,0,0,1,3,1
콜라겐수,5,0,1,0,1,3
연꽃꽃추출물,5,1,2,0,0,2
비스-카프릴로일옥시팔미타미도아이소프로판올,5,1,0,1,0,3
귀리펩타이드,5,1,0,0,0,4
하이드롤라이즈드루핀단백질,5,1,0,0,1,3
쿠푸아수씨버터,5,1,0,0,3,1
수레국화꽃추출물,5,0,0,0,1,4
진흙버섯추출물,5,0,0,1,2,2
디소듐이디티에이,5,2,2,0,1,0
하이드롤라이즈드콜라겐추출물,5,0,0,0,0,5
꽃가루추출물,5,1,0,0,0,4
아이소말트,5,1,0,0,0,4
피씨에이다이메티콘,5,1,0,0,1,3
마트리카리아꽃/잎추출물,5,1,0,0,2,2
황해쑥잎추출물,5,1,1,0,0,3
알파-비사보롤,5,0,0,0,3,2
파네솔,5,0,0,0,2,3
오이열매추출물,5,0,1,1,3,0
망고씨버터,5,0,0,0,0,5
비스-다이글리세릴폴리아실아디페이트-2,5,0,0,0,0,5
오르니틴,5,0,0,1,1,3
당호박추출물,5,0,1,0,2,2
x,5,0,0,0,5,0
인디안구스베리열매추출물,5,0,0,0,4,1
쌀발효여과물,5,0,0,0,4,1
천문동뿌리추출물,5,0,0,0,5,0
로즈마리추출물,5,0,1,0,2,2
카프릴릭/카프릭/미리스틱/스테아릭트라이글리세라이드,5,0,0,0,0,5
소듐콘드로이틴설페이트,5,0,0,0,2,3
아미노에탄설피닉애씨드,5,0,1,0,2,2
루틴,5,0,0,0,0,5
만노오스,5,0,0,0,3,2
버지니아풍년화수,5,0,0,2,2,1
네오펜틸글라이콜다이헵타노에이트,5,0,3,0,1,1
리보플라빈,5,0,0,0,3,2
연꽃뿌리추출물,5,0,1,0,4,0
알루미늄하이드록사이드,5,0,0,0,0,5
아스타잔틴,5,0,0,0,5,0
알라닌/히스티딘/라이신폴리펩타이드카퍼에이치씨엘,5,0,0,0,2,3
에스신,5,0,2,0,0,3
에스에이치-펜타펩타이드-19,5,0,0,0,5,0
알지닌/라이신폴리펩타이드,5,0,0,0,4,1
트록세루틴,5,0,0,0,4,1
유용성감초추출물,5,0,0,0,2,3
낫토검,5,0,0,0,5,0
칸데릴라왁스,5,0,0,0,0,5
하이드록시데실유비퀴논,5,0,0,0,4,1
케이프알로에잎추출물,5,0,0,1,3,1
드럼스틱씨추출물,5,0,0,0,4,1
매실추출물,5,0,0,0,2,3
소듐메틸스테아로일타우레이트,5,0,0,1,4,0
에스에이치-올리고펩타이드-9,5,0,0,0,5,0
프로테아제,5,0,1,3,0,1
라우릴알코올,5,0,0,0,0,5
인동덩굴꽃추출물,5,0,1,1,2,1
포도씨추출물,4,0,0,0,4,0
카프릴하이드록사믹애씨드,4,0,0,1,1,2
브로콜리추출물,4,0,0,1,1,2
마이크로코쿠스발효용해물,4,0,0,0,0,4
효모/마그네슘발효물,4,0,0,0,4,0
부틸페닐메틸프로피오날,4,0,1,0,0,3
효모/실리콘발효물,4,0,0,0,4,0
카프릴릭/카프릭/석시닉트라이글리세라이드,4,0,0,0,1,3
구기자추출물,4,0,1,0,2,1
효모/아연발효물,4,0,0,0,4,0
서양톱풀추출물,4,0,2,0,2,0
보리지씨오일,4,0,2,0,2,0
효모/철발효물,4,0,0,0,4,0
키토산,4,0,0,0,2,2
효모/구리발효물,4,0,0,0,4,0
보론나이트라이드,4,0,0,0,2,2
밀펩타이드,4,0,0,0,0,4
녹두씨추출물,4,0,0,2,0,2
다이메티콘크로스폴리머,4,0,0,0,2,2
글루코실루틴,4,0,0,0,4,0
양까막까치밥나무열매추출물,4,0,1,0,2,1
코튼씨추출물,4,0,0,0,0,4
자주천인국추출물,4,0,2,0,0,2
피톨,4,1,0,0,1,2
서양산딸기잎추출물,4,0,1,0,3,0
보검선인장줄기추출물,4,0,0,2,0,2
소듐아크릴릭애씨드/엠에이코폴리머,4,0,0,0,3,1
멘톡시프로판다이올,4,2,0,0,2,0
밀리타리스동충하초추출물,4,0,0,0,4,0
바이오티노일트라이펩타이드-1,4,0,0,0,4,0
칼라민,4,0,0,1,0,3
카프릴로일다이펩타이드-17,4,0,0,0,2,2
만델릭애씨드,4,0,0,1,3,0
팔미토일트라이펩타이드-38,4,0,0,0,3,1
카라기난,4,0,0,0,4,0
서양민들레잎추출물,4,0,2,0,2,0
글라이코사미노글리칸,4,0,0,0,4,0
소엽맥문동뿌리추출물,4,0,0,0,4,0
헥사펩타이드-12,4,0,0,0,3,1
"1,2-헥산디올",4,0,3,0,0,1
바오밥나무씨추출물,4,0,2,0,2,0
수용성엘라스틴,4,0,0,0,2,2
감추출물,4,0,1,0,2,1
레몬버베나잎추출물,4,0,3,0,1,0
니코티노일트라이펩타이드-1,4,0,0,0,4,0
록샘파이어캘러스배양여과물,4,0,0,0,0,4
테트라하이드로피페린,4,0,0,0,1,3
올레라케아아크멜라추출물,4,0,0,0,0,4
멜라토닌,4,0,0,0,4,0
올리브나무잎추출물,4,0,1,0,3,0
에델바이스캘러스배양추출물,4,0,1,0,2,1
삼백초추출물,4,0,0,1,3,0
쿼세틴,4,0,0,1,2,1
각시둥굴레뿌리줄기/뿌리추출물,4,0,0,0,4,0
마테잎추출물,4,2,0,0,1,1
피이지-10다이메티콘,4,0,0,0,0,4
소엽잎추출물,4,0,1,0,2,1
유제놀,4,0,0,0,1,3
화이트루핀씨추출물,4,0,0,0,3,1
톳추출물,4,0,0,1,2,1
펜타에리스리틸스테아레이트/카프레이트/카프릴레이트/아디페이트,4,1,0,0,0,3
리씨열매오일,4,0,0,0,1,3
사탕무뿌리추출물,4,1,1,0,2,0
우릭애씨드,4,0,0,1,2,1
실버위드추출물,4,1,0,0,2,1
동백나무꽃추출물,4,0,0,1,1,2
에틸헥실글리세린,4,0,0,0,0,4
에스알-,4,0,0,0,4,0
트라이펩타이드-32,4,0,0,0,4,0
흑효모발효물,4,0,1,0,1,2
로얄젤리추출물,4,0,1,1,1,1
미리스토일펜타펩타이드-4,4,0,0,0,4,0
미리스토일펜타펩타이드-17,4,0,0,0,4,0
탄닉애씨드,4,0,0,0,4,0
애플민트잎추출물,4,0,1,1,1,1
에스에이치-폴리펩타이드-121,4,0,0,0,4,0
소듐팔미토일사코시네이트,4,0,0,0,4,0
페네틸알코올,4,0,0,0,4,0
밤부사 불가리스수,4,0,0,0,2,2
소듐구아이아줄렌설포네이트,4,0,0,1,1,2
동백나무잎추출물,4,1,1,0,1,1
에피갈로카테킨갈레이트,4,0,0,0,3,1
소듐레불리네이트,4,0,0,1,1,2
줄맨드라미씨추출물,4,1,1,0,1,1
다이하이드록시아이소프로필팔모일팜아마이드,4,1,0,0,0,3
콘민트오일,4,1,0,0,0,3
하이드로제네이티드올리브오일불검화물,4,0,0,0,1,3
복숭아추출물,4,0,1,0,2,1
글리세릴아라키도네이트,4,0,0,0,2,2
아이소프로필팔미테이트,4,0,0,0,0,4
감태추출물,4,0,0,1,1,2
아스코빌테트라이소팔미테이트,4,0,0,0,3,1
콘민트잎추출물,4,1,1,0,1,1
비스-에칠헥실옥시페놀메톡시페닐트리아진,4,0,0,0,1,3
꿀풀추출물,4,1,0,0,1,2
블래더랙추출물,4,1,0,0,1,2
콥티스뿌리추출물,4,1,0,0,2,1
검은깨추출물,4,1,1,0,1,1
폴리메틸메타크릴레이트,4,0,0,0,3,1
메틸메타크릴레이트크로스폴리머,4,0,0,0,1,3
수레국화꽃수,4,1,0,1,1,1
카프릴릭/카프릭트리글리세라이드,4,2,2,0,0,0
에칠헥실트리아존,4,1,0,0,1,2
풀러린,4,0,0,0,2,2
푸른연꽃추출물,4,1,0,0,1,2
들깨잎추출물,4,0,1,1,1,1
사과씨오일,4,0,1,0,0,3
코토니추출물,4,0,0,0,1,3
호동씨오일,4,0,0,0,3,1
귤껍질추출물,4,1,1,0,1,1
타라열매추출물,4,0,0,0,1,3
사과세포배양추출물,4,0,0,0,3,1
티몰트라이메톡시신나메이트,4,0,0,0,3,1
쓴풀추출물,4,1,0,0,1,2
프로필헵틸카프릴레이트,4,0,0,0,2,2
피마자씨오일,4,0,1,0,2,1
파스향나무잎추출물,3,1,0,1,1,0
나일론-12,3,0,0,0,0,3
사과즙,3,0,3,0,0,0
청색1호,3,0,0,0,1,2
하이드로제네이티드채종유,3,0,0,0,0,3
멜론추출물,3,0,0,0,2,1
오리스뿌리추출물,3,0,0,0,2,1
대왕송잎추출물,3,1,0,0,1,1
비타민나무열매오일,3,0,0,0,1,2
도라지뿌리추출물,3,1,1,0,1,0
시메티콘,3,0,0,0,1,2
페닐벤즈이미다졸설포닉애씨드,3,0,0,0,0,3
트레할로스,3,1,0,0,1,1
부틸메톡시디벤조일메탄,3,0,0,0,0,3
녹차씨추출물,3,0,0,0,2,1
크레아틴,3,1,0,0,2,0
하이드로제네이티드다이데센,3,0,0,0,0,3
갈바눔수지오일,3,0,0,0,1,2
은행나무잎추출물,3,1,0,0,1,1
산구절초추출물,3,0,0,0,1,2
트라이하이드록시스테아린,3,0,0,0,1,2
블루아가베잎추출물,3,0,0,1,0,2
다이펩타이드-1,3,0,0,0,0,3
틴옥사이드,3,0,0,0,3,0
분비나무오일,3,0,0,0,0,3
4-t-부틸사이클로헥산올,3,0,0,0,1,2
올리고펩타이드-6,3,0,0,0,0,3
헥실데실에틸헥사노에이트,3,0,0,2,1,0
살비아추출물,3,0,1,0,2,0
수련추출물,3,0,0,0,3,0
인삼열매추출물,3,0,0,0,3,0
글리세릴폴리아크릴레이트,3,0,0,0,3,0
제로틴/하이드롤라이즈드디엔에이,3,0,0,0,3,0
편백수,3,0,0,0,3,0
석시노글리칸,3,0,0,0,3,0
신선초추출물,3,0,0,0,3,0
에스에이치-폴리펩타이드-62,3,0,0,0,3,0
코질메틸렌다이옥시신나메이트,3,0,0,0,3,0
합성플루오르플로고파이트,3,0,0,0,3,0
플로레틴,3,0,0,0,3,0
로즈힙열매오일,3,0,2,0,1,0
호호바왁스피이지-120에스터,3,0,0,0,3,0
소듐하이알루로 네이트,3,0,0,0,3,0
진주추출물,3,0,2,0,0,1
데사미도콜라겐,3,0,1,0,1,1
바질꽃/잎/줄기추출물,3,1,2,0,0,0
치자꽃추출물,3,0,0,0,1,2
마돈나백합비늘줄기추출물,3,0,0,0,2,1
다이에틸헥실시링질리덴말로네이트,3,0,0,0,2,1
바오밥나무잎추출물,3,0,0,0,1,2
마이크로크리스탈린왁스,3,0,0,0,0,3
트라이실록세인,3,0,0,0,1,2
서양산딸기추출물,3,1,0,0,1,1
어성초추출물,3,0,2,1,0,0
카프로익애씨드,3,0,0,0,1,2
아이소스테아릴아이소스테아레이트,3,0,0,0,0,3
라케모사승마뿌리추출물,3,0,0,0,1,2
라벤더꽃수,3,0,0,0,1,2
흰무늬엉겅퀴추출물,3,0,0,0,1,2
하이드로제네이티드쌀겨오일,3,0,0,0,1,2
바닐라열매추출물,3,0,0,1,0,2
달맞이꽃추출물,3,1,0,0,1,1
리마콩씨추출물,3,0,0,0,0,3
해바라기씨오일불검화물,3,1,1,0,0,1
글루코닉애씨드,3,1,0,0,1,1
황벽나무껍질추출물,3,0,0,0,0,3
비닐다이메티콘/메티콘실세스퀴옥세인크로스폴리머,3,0,0,0,1,2
C12-13파레스-9,3,0,0,1,1,1
다이펜타에리스리틸헥사하이드록시스테아레이트/헥사스테아레이트/헥사로지네이트,3,0,0,0,0,3
오미자추출물,3,0,0,0,0,3
칸디다/가르시니아발효물,3,0,0,0,0,3
글리세레스-20,3,0,0,0,2,1
트라이프로필렌글라이콜,3,0,0,0,2,1
포타슘코코일하이드롤라이즈드콜라겐,3,0,0,0,0,3
아이소트라이데실아이소노나노에이트,3,0,0,0,0,3
하이드롤라이즈드스클레로튬검,3,0,0,1,1,1
바위돌꽃뿌리추출물,3,0,0,0,1,2
서양톱풀꽃추출물,3,0,0,1,0,2
달팽이점액여과물,3,0,0,1,0,2
사발팜열매추출물,3,0,0,0,2,1
적색504호,3,1,0,0,1,1
다이소듐스테아로일글루타메이트,3,0,0,0,2,1
밀싹추출물,3,1,0,1,0,1
캐롭검,3,0,0,0,2,1
아세틸트라이펩타이드-1,3,0,0,0,0,3
아이리쉬모스가루,3,0,0,0,2,1
식물성오일,3,0,0,0,1,2
탱자추출물,3,0,0,0,0,3
라이신에이치씨엘,3,0,0,0,2,1
펜타에리스리틸다이스테아레이트,3,0,0,0,0,3
벼에스에이치-올리고펩타이드-1,3,0,0,0,1,2
피이지-10레이프씨드스테롤,3,0,0,0,2,1
구기자나무잎추출물,3,0,0,0,0,3
"	
알바수련꽃추출물",3,0,0,0,0,3
아세틸헵타펩타이드-4,3,1,0,0,0,2
코코일하이드롤라이즈드콜라겐,3,0,0,0,0,3
탄제린추출물,3,0,0,0,1,2
세틸하이드록시에틸셀룰로오스,3,0,0,0,0,3
크랜베리추출물,3,0,0,0,2,1
프렌치로즈꽃추출물,3,0,0,0,1,2
세테아레스-20,3,0,0,0,2,1
뽕나무껍질추출물,3,0,2,0,0,1
호스테일켈프추출물,3,0,0,0,1,2
트라이펩타이드-29,3,0,0,0,2,1
락토바실러스/쌀발효물,3,1,1,1,0,0
멕시칸치아씨오일,3,0,0,0,2,1
폴리프로필실세스퀴옥세인,3,0,1,0,1,1
테트라소듐이디티에이,3,0,0,2,1,0
락토바실러스/석류발효추출물,3,0,0,1,1,1
징크클로라이드,3,0,0,0,1,2
효모/율무씨발효여과물,3,1,1,1,0,0
퉁퉁마디추출물,3,0,0,0,0,3
다이펩타이드-15,3,0,1,0,2,0
약모밀꽃/잎/줄기수,3,1,0,1,1,0
마그네슘피씨에이,3,0,1,1,0,1
워터민트추출물,3,0,0,1,2,0
효모추출물,3,0,0,0,3,0
올리고펩타이드-3,3,1,0,0,2,0
미나리추출물,3,0,0,0,3,0
트라이아이소스테아린,3,0,0,0,3,0
클로헥시딘디글루코네이트,3,0,0,0,3,0
니코티노일다이펩타이드-23,3,0,0,0,3,0
헤스페리딘메틸칼콘,3,0,0,0,3,0
약모밀수,3,0,0,3,0,0
락토바실러스/인삼뿌리발효여과물,3,1,1,0,1,0
트로폴론,3,1,0,0,1,1
바추잎잎추출물,3,0,0,1,1,1
다이펜타에리스리틸헥사C5-9애씨드에스터,3,0,0,0,2,1
쌀겨왁스,3,0,0,0,0,3
카퍼설페이트,3,0,0,0,1,2
아세틸올리고펩타이드-99아마이드,3,0,1,0,1,1
글루코실헤스페리딘,3,0,0,0,0,3
유자추출물,3,0,1,0,1,1
디메치콘,3,1,1,0,1,0
알에이치-폴리펩타이드-1,3,0,0,0,1,2
알파-글루칸올리고사카라이드,3,0,1,0,0,2
녹두싹추출물,3,0,0,1,0,2
하이드록시프로필메틸셀룰로오스,3,0,0,1,1,1
메틸카프로오일타이로지네이트,3,1,0,0,0,2
징크설페이트,3,0,1,0,0,2
시스틴,3,0,0,0,1,2
쿠티박테리움 그라눌로숨발효추출여과물,3,0,0,1,1,1
팔미토일테트라펩타이드-10,3,0,0,0,2,1
스테아릴헵타노에이트,3,2,0,0,1,0
피토스테릴/옥틸도데실라우로일글루타메이트,3,0,0,2,0,1
향부자추출물,3,0,0,0,2,1
야생딸기잎추출물,3,0,0,0,0,3
카카오씨버터,3,0,0,0,0,3
바위손추출물,3,0,0,0,3,0
사철쑥추출물,3,0,0,2,0,1
원추리꽃추출물,3,0,1,0,2,0
은행추출물,3,0,1,0,2,0
락토바실러스/고추냉이뿌리발효추출물,3,0,1,1,1,0
폴리우레탄-15,3,0,0,0,3,0
알테로모나스발효추출물,3,0,0,1,2,0
헤스페리딘,3,0,0,0,3,0
세라마이드3,3,1,0,0,2,0
쌀겨오일,3,0,0,0,2,1
질경이추출물,3,0,0,1,2,0
에스에이치-폴리펩타이드-19,3,0,0,0,2,1
메틸다이하이드로자스모네이트,3,0,0,0,3,0
에틸렌브라실레이트,3,0,0,0,3,0
2-t-부틸사이클로헥실아세테이트,3,0,0,0,3,0
리날릴아세테이트,3,0,0,0,3,0
에틸리날룰,3,0,0,0,3,0
브로멜라인,3,0,0,0,2,1
메틸렌다이옥시페닐메틸프로판알,3,0,0,0,3,0
헥세닐아세테이트,3,0,0,0,3,0
아르니카 몬타나꽃추출물,3,0,1,0,1,1
자이언트켈프추출물,3,0,0,0,1,2
"2,4-다이메틸-3-사이클로헥신카복스알데하이드",3,0,0,0,3,0
3-헥센올,3,0,0,0,3,0
대추추출물,3,0,0,0,3,0
락토바실러스/호밀가루발효물,3,0,1,1,1,0
유칼립톨,3,0,0,0,3,0
시금치추출물,3,0,1,1,1,0
레몬밤추출물,3,0,2,0,1,0
에이치디아이/트라이메틸올헥실락톤크로스폴리머,3,2,0,0,0,1
하이드록시메톡시페닐데칸온,3,0,1,0,2,0
연꽃추출물,3,0,1,0,2,0
바실러스/소이빈발효추출물,3,1,0,1,0,1
삽주뿌리줄기추출물,3,0,0,0,3,0
복사나무꽃추출물,3,0,0,0,3,0
쇠뜨기추출물,3,0,1,0,2,0
카퍼글루코네이트,3,0,0,1,2,0
일랑일랑꽃오일,3,0,0,0,3,0
스핑고리피드,3,1,0,0,1,1
겔리듐 카르틸라기네움추출물,3,0,1,0,2,0
결명씨추출물,3,0,1,1,1,0
효모/포도발효추출물,3,0,1,1,1,0
팥추출물,3,0,1,0,2,0
양배추추출물,3,0,1,1,1,0
트라이펩타이드-10시트룰린,3,0,0,0,3,0
락토바실러스/배즙발효여과물,3,0,1,1,1,0
락토바실러스/부레옥잠발효물,3,0,1,1,1,0
모나스커스/쌀발효물,3,0,1,1,1,0
효모/자일리눔/홍차발효물,3,0,1,0,2,0
창포뿌리추출물,3,0,1,0,2,0
벤조트라이아졸릴도데실p-크레솔,2,0,0,0,2,0
녹두추출물,2,0,0,1,0,1
커먼자스민추출물,2,0,1,0,0,1
10-하이드록시데카노익애씨드,2,0,0,2,0,0
C12-15알킬벤조에이트,2,0,0,0,0,2
베어베리잎추출물,2,0,0,0,0,2
코코넛오일,2,1,0,0,0,1
하이드록시신나믹애씨드,2,0,0,0,0,2
퀴노아씨추출물,2,0,0,1,0,1
셀필룸추출물,2,0,0,0,0,2
락토바실러스/호박발효추출물,2,0,0,2,0,0
마트리카리아꽃오일,2,0,0,0,0,2
아이소머라이즈드리놀레익애씨드,2,0,0,0,0,2
블랙체리열매추출물,2,0,0,0,1,1
유럽개암씨오일,2,0,2,0,0,0
데실렌글라이콜,2,0,0,0,0,2
오렌지꽃오일,2,0,0,0,1,1
브로콜리싹추출물,2,1,0,0,0,1
병풀캘러스세포외소포,2,0,0,0,1,1
말굽잔나비버섯추출물,2,0,0,1,0,1
세틸에칠헥사노에이트,2,1,1,0,0,0
"	
하이드로제네이티드폴리(C6-14올레핀)",2,0,0,2,0,0
아스퍼질러스발효물,2,0,0,2,0,0
작약꽃추출물,2,0,0,0,0,2
하이드롤라이즈드쌀단백질,2,1,0,1,0,0
마조람잎추출물,2,0,1,0,0,1
흑미추출물,2,1,0,1,0,0
황색산화철,2,0,0,0,1,1
아세로라추출물,2,0,0,0,1,1
조류추출물,2,1,0,0,1,0
하이드롤라이즈드스위트아몬드단백질,2,1,0,1,0,0
니아울리나무잎오일,2,0,0,0,1,1
사이클로펜타실록산,2,0,1,0,0,1
오레가노추출물,2,0,1,0,1,0
코질카복시다이펩타이드-23,2,0,0,0,2,0
"	
에난티아 클로란타껍질추출물",2,0,0,0,0,2
조름나물잎추출물,2,0,0,0,0,2
카페오일트라이펩타이드-1,2,0,0,0,2,0
카페오일에스에이치-옥타펩타이드-4,2,0,0,0,2,0
갈로일펜타펩타이드-33,2,0,0,0,2,0
옥타펩타이드-7,2,0,0,0,2,0
에스에이치-데카펩타이드-9,2,0,0,0,2,0
포도주추출물,2,0,0,0,2,0
소듐아크릴레이트크로스폴리머-2,2,0,0,0,2,0
팔미토일다이펩타이드-5다이아미노부틸로일하이드록시트레오닌,2,0,0,0,2,0
효모/띠뿌리발효추출물,2,0,0,0,2,0
효모/겨우살이발효추출물,2,0,0,0,2,0
하이드롤라이즈드밀단백질,2,0,0,1,1,0
세라마이드이엔피,2,0,0,0,2,0
세라마이드1,2,0,0,0,2,0
파파인,2,0,0,2,0,0
펜타펩타이드-18,2,0,0,0,2,0
서양측백나무잎추출물,2,0,0,0,0,2
유차나무씨오일,2,0,2,0,0,0
붉나무충영추출물,2,0,0,0,2,0
쌀겨추출물,2,0,0,2,0,0
C30-45알킬세테아릴다이메티콘크로스폴리머,2,0,0,0,0,2
페퍼민트꽃/잎/줄기추출물,2,0,1,0,1,0
풍선덩굴꽃/잎/덩굴추출물,2,1,0,0,0,1
청각추출물,2,0,0,1,1,0
맥주효모추출물,2,2,0,0,0,0
에스에이치-폴리펩타이드-4,2,0,0,0,0,2
아이브라이트추출물,2,0,0,0,0,2
자몽추출물,2,0,0,0,0,2
에스에이치-폴리펩타이드-14,2,0,0,0,0,2
다이스테아다이모늄헥토라이트,2,0,0,0,0,2
해마토코쿠스 플루비알리스오일,2,0,0,0,2,0
소르비탄올리베이트,2,0,0,0,1,1
컴프리잎추출물,2,0,0,0,0,2
타임오일,2,0,0,1,0,1
포도덩굴추출물,2,0,0,0,1,1
몰약수지추출물,2,0,0,0,1,1
효모발효용해여과물,2,0,0,0,1,1
밤부사 불가리스잎추출물,2,0,0,0,0,2
테트라아세틸피토스핑고신,2,0,0,0,1,1
마트리카리아꽃수,2,0,0,0,2,0
락토바실러스/홍삼발효여과물,2,0,1,1,0,0
다시마즙,2,0,0,0,1,1
소듐설파이트,2,0,0,0,1,1
쉐어버터,2,1,0,0,0,1
하이드롤라이즈드완두콩단백질,2,0,0,0,0,2
감자꽃추출물,2,1,0,1,0,0
C30-45알킬다이메티콘,2,0,0,0,1,1
토코트라이엔올,2,0,1,0,0,1
암모늄아크릴로일다이메틸타우레이트/베헤네스-25메타크라일레이트크로스폴리머,2,0,0,0,0,2
레몬그라스추출물,2,0,1,1,0,0
체이스트트리추출물,2,0,0,1,0,1
검정콩추출물,2,1,0,0,0,1
알지닌글루타메이트,2,0,0,0,0,2
모하비유카뿌리추출물,2,0,0,0,1,1
디프로필렌글라이콜,2,0,2,0,0,0
하이드로제네이티드에틸헥실올리베이트,2,0,0,0,0,2
제인,2,0,0,0,1,1
실란트라이올,2,0,0,0,1,1
알로에베라잎폴리사카라이드,2,0,0,0,1,1
천궁뿌리추출물,2,1,0,0,1,0
펜타펩타이드-4,2,0,0,0,1,1
알지닌에이치씨엘,2,0,0,0,0,2
요엽후박나무껍질추출물,2,0,0,0,1,1
윈터체리뿌리추출물,2,0,0,0,1,1
알에이치-올리고펩타이드-2,2,0,0,0,0,2
후추열매오일,2,1,0,0,1,0
커먼자스민꽃수,2,0,0,1,0,1
장미추출물,2,0,0,0,1,1
알로에베라잎수,2,0,0,1,0,1
양버들껍질/싹/잎/잔가지추출물,2,0,0,0,0,2
징크하이드롤라이즈드하이알루로네이트,2,0,0,0,1,1
폴리글리세릴-6베헤네이트,2,0,0,0,0,2
포도즙추출물,2,1,1,0,0,0
하이드롤라이즈드감자단백질,2,1,0,1,0,0
하이알루로닉애씨드/폴리아이소프로필아크릴아마이드코폴리머,2,0,0,0,1,1
글라이콜팔미테이트,2,0,0,0,0,2
다이소듐아데노신트라이포스페이트,2,0,0,0,1,1
마시멜로잎추출물,2,0,2,0,0,0
큰노랑용담뿌리추출물,2,0,0,0,0,2
락토바실러스/호박열매발효여과물,2,0,0,0,1,1
토탄추출물,2,0,0,0,0,2
"소듐디엔에이,병풀잎수",2,0,0,2,0,0
인카르나타시계꽃전초추출물,2,0,2,0,0,0
포트마리골드꽃오일,2,0,0,0,0,2
회향잎추출물,2,0,2,0,0,0
루이보스추출물,2,0,0,0,1,1
로즈우드오일,2,0,0,1,0,1
폴리아크릴아마이드,2,0,0,0,0,2
복령균핵추출물,2,0,0,0,1,1
비터아몬드커넬오일,2,0,0,1,0,1
피키아발효추출여과물,2,0,0,0,1,1
씨솔트,2,0,0,1,0,1
레몬추출물,2,1,0,0,1,0
돌콩스테롤,2,0,0,0,0,2
에틸셀룰로오스,2,0,0,0,0,2
초유,2,0,0,0,1,1
아이소스테아릴알코올,2,0,0,0,0,2
프로콜라겐,2,0,1,0,1,0
마그네슘시트레이트,2,0,0,1,0,1
1-메틸하이단토인-2-이미드,2,0,0,1,0,1
밤부사 불가리스추출물,2,1,0,1,0,0
토코페릴글루코사이드,2,0,0,0,0,2
헵틸운데실레네이트,2,0,0,0,0,2
비터오렌지꽃오일,2,0,0,0,0,2
무수자일리톨,2,0,0,0,2,0
산뽕나무잎추출물,2,0,1,0,1,0
이리추출물,2,0,0,0,1,1
금,2,0,0,0,2,0
스테아릴글리시레티네이트,2,0,0,0,2,0
겨우살이열매추출물,2,0,0,0,0,2
아나토씨오일,2,0,2,0,0,0
참깨오일,2,0,0,0,1,1
카페오일헥사펩타이드-65,2,0,0,0,2,0
바실러스/폴릭애씨드/돌콩발효추출물,2,0,0,0,2,0
프리지어추출물,2,0,2,0,0,0
에델바이스추출물,2,0,2,0,0,0
에스에이치-폴리펩타이드-123,2,0,0,0,2,0
오일팜커넬오일,2,0,0,0,0,2
노티드랙추출물,2,0,0,0,1,1
가르시니아열매추출물,2,0,0,0,1,1
알에이치-올리고펩타이드-1,2,0,0,0,1,1
라이코펜,2,0,0,0,2,0
폴리데센,2,0,0,0,0,2
스노우로투스추출물,2,0,2,0,0,0
토마토즙,2,0,0,0,2,0
레몬그라스잎오일,2,0,1,0,1,0
올리고펩타이드-32,2,0,0,0,2,0
왕질경이씨추출물,2,0,1,0,1,0
포트마리골드추출물,2,0,0,0,2,0
노나펩타이드-7,2,0,0,0,2,0
연교추출물,2,0,0,0,2,0
글라이코젠,2,0,0,0,0,2
마돈나백합꽃추출물,2,0,2,0,0,0
소듐아크릴레이트/비닐알코올코폴리머,2,0,0,0,2,0
바다포도추출물,2,0,0,0,1,1
더위지기추출물,2,0,0,0,2,0
냉초추출물,2,0,0,0,2,0
뽕나무뿌리추출물,2,1,0,0,1,0
리세릴스테아레이트시트레이트,2,0,0,0,0,2
복숭아수,2,0,0,0,2,0
토마토열매/잎/줄기추출물,2,0,0,0,2,0
피브로넥틴,2,0,0,0,2,0
테트라펩타이드-30,2,0,0,0,2,0
칼슘락테이트,2,0,2,0,0,0
해바라기씨왁스,2,0,0,0,0,2
폴리쿼터늄-7,2,0,0,0,2,0
베티버뿌리오일,2,0,0,0,2,0
서인도체리열매추출물,2,0,0,0,2,0
라우로일라이신,2,0,0,0,2,0
발삼코파이바수지,2,0,0,0,1,1
피리독신에이치씨엘,2,0,0,1,1,0
포타슘코코일글리시네이트,2,0,0,0,2,0
다이하이드로미리세틴,2,0,0,0,2,0
마누카잎추출물,2,0,0,0,2,0
염소유추출물,2,0,0,0,2,0
카나우바왁스,2,0,0,0,0,2
하이드롤라이즈드알진,2,0,0,0,2,0
실크추출물,2,0,0,0,2,0
글라이콜다이스테아레이트,2,0,0,0,2,0
메틸하이드로제네이티드로지네이트,2,1,0,0,0,1
실리카실릴레이트,2,0,0,0,1,1
페루기네움철쭉추출물,2,0,0,0,1,1
락토바실러스,2,0,0,0,1,1
화산재,2,0,0,0,1,1
복숭아씨추출물,2,0,0,0,2,0
락토바실러스세포외소포,2,0,0,0,1,1
얼룩파인애플추출물,2,1,0,0,0,1
피이지-5레이프씨드스테롤,2,0,0,0,1,1
효모용해추출물,2,1,0,0,0,1
사철쑥꽃추출물,2,2,0,0,0,0
엘더꽃추출물,2,0,0,0,1,1
왜당귀뿌리추출물,2,0,0,0,2,0
"비스-에톡시다이글라이콜사이클로헥산1,4-다이카복실레이트",2,0,0,0,2,0
망고추출물,2,1,0,1,0,0
팔미토일펜타펩타이드-5,2,0,0,0,2,0
에델바이스꽃/잎추출물,2,0,0,0,1,1
올리고펩타이드-29,2,0,0,0,2,0
유채씨오일,2,0,1,0,0,1
암모늄아크릴로일다이메틸타우레이트/스테아레스-25크로스폴리머,2,0,0,0,2,0
알-소폴리펩타이드-1,2,0,0,0,0,2
마그네슘글루코네이트,2,0,0,0,2,0
데카펩타이드-4,2,0,0,0,1,1
세라마이드2,2,0,0,0,2,0
쐐기풀잎추출물,2,0,0,0,0,2
기장추출물,2,0,1,0,1,0
바질잎추출물,2,0,1,0,1,0
수박추출물,2,0,1,0,1,0
에난티아 클로란타껍질추출물,2,0,0,0,2,0
무추출물,2,0,1,0,1,0
인체줄기세포배양액,2,0,0,0,0,2
단풍나무잎추출물,2,0,1,0,1,0
개다래추출물,2,0,1,0,1,0
으름덩굴추출물,2,0,1,0,1,0
마늘추출물,2,0,1,0,1,0
소듐글리세로포스페이트,2,0,0,0,2,0
마트리카리아추출물,2,0,0,0,2,0
순무잎추출물,2,0,1,0,1,0
호두추출물,2,0,0,0,2,0
테트라펩타이드-44,2,0,0,0,2,0
스키산드라 스페난테라열매추출물,2,1,0,0,1,0
소듐폴리글루타메이트,2,0,0,0,1,1
에틸헥실올리베이트,2,0,0,0,0,2
둥굴레뿌리줄기추출물,2,0,0,0,2,0
레이디스맨틀추출물,2,0,1,0,0,1
히스티딘에이치씨엘,2,0,0,0,1,1
다이-C12-13알킬말레이트,2,0,1,0,0,1
육두구커넬오일,2,0,0,1,1,0
올리고펩타이드-68,2,0,0,0,2,0
운데케인,2,0,0,0,2,0
트라이데케인,2,0,0,0,2,0
아사이팜열매추출물,2,0,0,1,1,0
빌베리열매추출물,2,0,0,0,2,0
3-아스코빌카보닐다이펩타이드-17,2,0,0,0,0,2
쇠뜨기잎추출물,2,0,0,0,0,2
바실러스/폴릭애씨드발효여과추출물,2,0,0,0,0,2
아세틸펜타펩타이드-1,2,0,0,0,2,0
피키아발효용해여과물,2,0,0,1,1,0
자두추출물,2,0,1,0,1,0
유럽밤나무씨추출물,2,0,1,0,1,0
살구추출물,2,0,1,0,1,0
폴리락틱애씨드,2,0,0,0,2,0
완두콩펩타이드,2,0,0,0,2,0
락토바실러스/콩추출물발효여과물,2,0,0,1,1,0
형개추출물,2,0,1,0,1,0
모과추출물,2,0,1,0,1,0
니코티노일트라이펩타이드-35,2,0,0,0,2,0
니코티노일다이펩타이드-26,2,0,0,0,2,0
옥타펩타이드-2,2,0,0,0,2,0
펜타펩타이드-13,2,0,0,0,2,0
팔미토일트라이펩타이드-29,2,0,0,0,2,0
얼룩조릿대잎추출물,2,0,1,0,1,0
미리스토일헥사펩타이드-16,2,0,0,0,2,0
연꽃잎추출물,2,1,0,0,1,0
아스코빌프로필하이알루로네이트,2,0,0,0,0,2
쿠네아타산사열매추출물,2,0,1,0,1,0
락토코쿠스발효물,2,0,0,1,1,0
긴병꽃풀추출물,2,0,1,0,1,0
잎새버섯자실체추출물,2,0,1,0,1,0
해바라기씨추출물,2,0,1,0,1,0
고구마뿌리추출물,2,0,1,0,1,0
표고버섯추출물,2,0,1,0,1,0
허브로버트추출물,2,0,1,0,1,0
하이드록시프롤린,2,0,0,0,2,0
글리세린-3크로스폴리머,2,0,0,0,2,0
실론시나몬나무껍질추출물,2,0,0,0,0,2
메도우스위트추출물,2,0,0,1,1,0
카프릴로일에스에이치-노나펩타이드-6,2,0,0,0,0,2
메칠렌비스-벤조트리아졸릴테트라메칠부틸페놀,1,1,0,0,0,0
보리추출물,1,1,0,0,0,0
오이추출물,1,1,0,0,0,0
호장근추출물,1,1,0,0,0,0
암모늄아크릴로일디메칠타우레이트/브이피코폴리머,1,1,0,0,0,0
알바프리지어추출물,1,0,0,0,0,1
황색5호,1,1,0,0,0,0
소듐폴리아스파테이트,1,0,0,0,0,1
블루플래그아이리스추출물,1,0,0,0,0,1
나팔수선화추출물,1,0,0,0,0,1
다이머다이리놀레일다이머다이리놀리에이트,1,0,0,0,0,1
펜타에리스리틸테트라스테아레이트,1,0,0,0,0,1
해바라기씨드케이크,1,1,0,0,0,0
만주자작나무껍질추출물,1,0,0,0,0,1
테르무스 테르모필루스발효물,1,0,0,0,0,1
피이지-크로스폴리머,1,0,0,0,0,1
프로필렌글라이콜디카프레이트,1,1,0,0,0,0
라우레스-23,1,1,0,0,0,0
완두콩추출물,1,0,0,0,0,1
피이지-240/에이치디아이코폴리머비스-데실테트라데세스-20에터,1,0,0,0,0,1
크리신,1,0,0,0,0,1
병풀오일,1,0,0,0,0,1
N-하이드록시석신이미드,1,0,0,0,0,1
카프로일메틸세리네이트,1,0,0,0,0,1
디에칠아미노하이드록시벤조일헥실벤조에이트,1,1,0,0,0,0
드로메트리졸트리실록산,1,1,0,0,0,0
폴리글리세릴-2아이소스테아레이트/다이머다이리놀리에이트코폴리머,1,0,0,0,0,1
다이라우릴티오다이프로피오네이트,1,0,0,0,0,1
향기제비꽃잎추출물,1,0,0,0,0,1
하이드로제네이티드올리브오일데실에스터,1,0,0,0,0,1
물망초꽃/잎/줄기추출물,1,0,0,0,1,0
마조람잎오일,1,0,0,0,1,0
하이드로제네이티드유채씨오일,1,0,0,0,0,1
고수추출물,1,0,0,0,1,0
바질오일,1,0,0,0,1,0
카프 릴릭/카프릭트라이글리세라이드,1,0,0,0,1,0
아세틸피토스핑고신,1,0,0,0,1,0
카우슬립꽃추출물,1,0,0,0,1,0
스피드웰꽃/잎/줄기추출물,1,0,0,0,1,0
서양톱풀꽃/잎/줄기추출물,1,0,0,0,1,0
레이디스맨틀꽃/잎/줄기추출물,1,0,0,0,1,0
후박나무가지추출물,1,0,0,0,1,0
당아욱꽃/잎/줄기추출물,1,0,0,0,1,0
클로렐라 프로토테코이데스추출물,1,0,0,0,1,0
인디고추출물,1,0,0,0,1,0
원지뿌리추출물,1,1,0,0,0,0
화이트티트리잎추출물,1,1,0,0,0,0
사이클로메치콘,1,1,0,0,0,0
꽈리꽃받침추출물,1,0,0,0,1,0
월귤잎추출물,1,0,0,0,1,0
타히티바닐라추출물,1,0,0,0,1,0
보스웰리아수지추출물,1,0,0,0,0,1
헥사펩타이드-35,1,0,0,0,0,1
버드나무껍질추출물,1,1,0,0,0,0
바질추출물,1,1,0,0,0,0
푸른연꽃수,1,1,0,0,0,0
율무씨추출물,1,1,0,0,0,0
로켓잎추출물,1,1,0,0,0,0
어성초,1,0,0,0,0,1
병풀단백질추출물,1,0,0,0,0,1
이소도데칸,1,1,0,0,0,0
여주열매추출물,1,0,0,0,0,1
쿼터늄-18벤토나이트,1,0,0,0,0,1
페트롤라툼,1,0,0,0,0,1
에스큘렌타렌즈콩씨추출물,1,0,0,0,0,1
구아닌,1,0,0,0,0,1
사이토신,1,0,0,0,0,1
아데닌,1,0,0,0,0,1
티민,1,0,0,0,0,1
하이드로제네이티드코튼씨드오일,1,0,0,0,0,1
우라실,1,0,0,0,0,1
트리에톡시카프릴릴실란,1,0,0,0,0,1
마치현추출물,1,0,0,0,0,1
비닐디메치콘/메치콘실세스퀴옥산크로스폴리머,1,0,0,0,0,1
소르비탄세스퀴올리에이트,1,0,0,0,0,1
디에칠헥실카보네이트,1,0,0,0,0,1
트라이에톡시실릴에틸폴리다이메틸실록시에틸헥실다이메티콘,1,0,0,0,0,1
하이드롤라이즈드소듐디엔에이,1,0,0,0,0,1
사이클로헥사실록산,1,0,0,0,0,1
칸델라브라알로에잎추출물,1,0,0,0,0,1
보검선인장씨오일,1,0,0,0,0,1
하이드로제네이티트다이데센,1,0,0,0,0,1
밤부사불가리스잎/줄기추출물,1,0,0,0,0,1
밤부사 불가리스싹추출물,1,0,0,0,0,1
익모초추출물,1,0,0,0,0,1
티몰 트라이메톡시신나메이트,1,0,0,0,0,1
화이트참파카꽃오일,1,0,0,0,0,1
살구씨오일,1,0,0,0,0,1
왜당귀뿌리수,1,1,0,0,0,0
비스-피이지-18메칠에텔디메칠실란,1,1,0,0,0,0
글루코만난,1,0,0,0,0,1
노니열매추출물,1,0,0,0,0,1
하이드롤라이즈드병풀추출물,1,0,0,0,0,1
헥실데실라우레이트,1,0,0,0,0,1
병풀아미노산,1,0,0,0,0,1
프로필렌글라이콜다이카프릴레이트/다이카프레이트,1,0,0,0,0,1
시호뿌리추출물,1,0,0,0,0,1
남가새열매추출물,1,0,0,0,0,1
소리쟁이뿌리추출물,1,0,0,0,0,1
자작나무껍질추출물,1,0,0,0,0,1
트라이-C14-15알킬시트레이트,1,0,0,0,0,1
불가리스매자뿌리추출물,1,0,0,0,0,1
향,1,0,0,0,0,1
커먼자스민꽃추출물,1,0,0,0,0,1
아스코빌아시아테이트,1,0,0,0,0,1
락틱애씨드/글라이콜릭애씨드코폴리머,1,1,0,0,0,0
쓴쑥추출물,1,0,0,0,0,1
박하추출물,1,1,0,0,0,0
페닐프로필디메틸실록시실리케이트,1,0,0,0,0,1
해바라기꽃추출물,1,0,0,0,0,1
서양고추나물추출물,1,0,0,0,0,1
하이드로제네이티드올리브오일라우릴에스터,1,0,0,0,0,1
병풀폴리펩타이드,1,0,0,0,0,1
하이드롤라이즈드오크라추출물,1,0,0,0,0,1
우엉뿌리추출물,1,0,0,0,0,1
차가버섯추출물,1,0,0,0,0,1
진주가루,1,0,0,0,0,1
마텔오일,1,0,0,0,0,1
커먼자스민오일,1,0,0,0,0,1
육계잎오일,1,0,0,0,1,0
옥토크릴렌,1,0,0,0,1,0
천궁수,1,1,0,0,0,0
알에이치-폴리펩타이드-62,1,0,0,0,0,1
찔레꽃열매추출물,1,0,0,0,0,1
스위트아카시아꽃추출물,1,0,0,0,0,1
당아욱꽃추출물,1,0,0,0,0,1
폴리에틸렌,1,0,0,0,0,1
세테아레스-25,1,0,0,0,0,1
카프로오일스핑고신,1,0,0,0,0,1
노랑만병초잎추출물,1,0,0,0,0,1
송이버섯추출물,1,0,0,0,0,1
호프추출물,1,0,0,0,0,1
검정콩오일,1,0,0,0,0,1
엔히드로박테르 아에로사쿠스발효추출여과물,1,0,0,0,0,1
스타퓔로코쿠스 에피데르미디스발효여과물,1,0,0,0,0,1
하이드롤라이즈드이집트콩씨추출물,1,0,0,0,0,1
쿠티박테리움 아크네스발효여과물,1,0,0,0,0,1
토타롤,1,0,0,0,0,1
아크릴레이트/폴리트라이메틸실록시메타크릴레이트코폴리머,1,0,0,0,0,1
로즈마리닉애씨드,1,0,0,0,0,1
무씨추출물,1,0,0,0,0,1
하이드로제네이티드코코넛오일,1,0,0,0,0,1
하이드록시스테아릭애씨드,1,0,0,0,0,1
잉카피넛씨오일,1,0,0,0,0,1
그린와틀꽃왁스,1,0,0,0,0,1
에틸아이소스테아레이트,1,1,0,0,0,0
카프로오일피토스핑고신,1,0,0,0,0,1
세라마이드이오에스,1,0,0,0,0,1
피라칸타 포르투네아나열매 추출물,1,0,0,0,0,1
펜타에리스리틸 테트라에틸헥사노에이트,1,0,0,0,0,1
팔미토일에스에이치-트라이펩타이드-4아마이드,1,0,0,0,0,1
모자반추출물,1,0,0,0,0,1
납작파래추출물,1,0,0,0,0,1
다이펜타에리스리틸헥사카프릴레이트/헥사카프레이트,1,0,0,0,0,1
폴리시트로넬올아세테이트,1,0,0,0,0,1
아라비안자스민꽃추출물,1,0,0,0,0,1
야콘뿌리즙,1,0,0,0,0,1
망가니즈글루코네이트,1,0,0,0,0,1
비트레오스실라발효물,1,0,0,0,0,1
아세틸레이티드글라이콜스테아레이트,1,0,0,0,0,1
포트마리골드단백질추출물,1,0,0,0,0,1
소듐카복시메틸베타-글루칸,1,1,0,0,0,0
분홍바늘꽃꽃/잎/줄기추출물,1,0,0,0,0,1
봉의꼬리추출물,1,0,0,0,0,1
트라이데실스테아레이트,1,0,0,0,0,1
트라이데실트라이멜리테이트,1,0,0,0,0,1
에버라스팅꽃수,1,0,0,0,0,1
세테아릴에틸헥사노에이트,1,0,0,0,0,1
귀리커넬가루,1,0,0,0,0,1
피버퓨꽃/잎/줄기즙,1,0,0,0,0,1
물푸레나무추출물,1,1,0,0,0,0
소듐카복시메틸스타치,1,0,0,0,0,1
갈랑가갈랑갈추출물,1,0,0,0,1,0
메틸글루세스-10,1,0,0,0,1,0
녹차카테킨,1,0,0,0,1,0
아스파라거스추출물,1,0,0,0,0,1
파슬리추출물,1,0,0,0,0,1
케일잎추출물,1,0,0,0,0,1
모노기나산사꽃추출물,1,0,0,0,0,1
바질잎수,1,0,0,0,0,1
알에이치-폴리펩타이드-3,1,0,0,0,0,1
사플라워오일/팜오일아미노프로판다이올에스터,1,0,0,0,0,1
폴리이소부텐,1,1,0,0,0,0
위버대나무줄기추출물,1,0,0,0,0,1
해마토코쿠스 플루비알리스추출물,1,0,0,0,1,0
우유지질,1,0,0,0,1,0
서양송악추출물,1,0,0,0,1,0
레몬향티트리오일,1,0,0,0,1,0
미로탐누스 플라벨리폴리아잎/줄기추출물,1,0,0,0,1,0
효모/보리씨발효추출물,1,0,0,0,1,0
검은귀리추출물,1,0,0,0,1,0
콜레스테릴노나노에이트,1,0,0,0,1,0
콜레스테릴클로라이드,1,0,0,0,1,0
콜레스테릴아이소스테아레이트,1,0,0,0,1,0
볼도잎추출물,1,0,0,0,1,0
페퍼민트추출물,1,1,0,0,0,0
코코넛야자열매수,1,0,0,0,1,0
모나스커스추출물,1,0,0,0,0,1
네오펜틸글라이콜다이카프레이트,1,0,0,0,1,0
장미꽃,1,0,0,0,1,0
생달나무잎추출물,1,0,0,0,1,0
참오동나무잎추출물,1,0,0,0,1,0
솔잣나무가지/잎오일,1,0,0,0,1,0
아연,1,0,0,0,1,0
폴리그릴세릴-10스테아레이트,1,0,0,0,1,0
미레스-3미리스테이트,1,1,0,0,0,0
녹나무잎추출물,1,0,0,0,1,0
잣나무씨추출물,1,0,0,0,1,0
펜틸람노사이드,1,1,0,0,0,0
아이소세틸스테아로일스테아레이트,1,0,0,0,1,0
아쿠아,1,0,0,0,1,0
미역취추출물,1,0,0,0,1,0
소듐만노오스포스페이트,1,0,0,0,1,0
개청각추출물,1,0,0,0,1,0
스위트아몬드추출물,1,0,0,0,1,0
참미역추출물,1,0,0,0,0,1
크로뮴옥사이드그린,1,0,0,0,0,1
기름야자오일,1,1,0,0,0,0
다이실록세인,1,0,0,0,0,1
하이드록시에칠셀룰로오스,1,1,0,0,0,0
목면꽃추출물,1,1,0,0,0,0
키위추출물,1,0,0,0,0,1
테레프탈릴리덴디캠퍼설포닉애씨드,1,0,0,0,1,0
폴리에터-1,1,0,0,0,1,0
칼슘알루미늄보로실리케이트,1,0,0,0,1,0
흰버드나무잎추출물,1,0,0,0,1,0
알에이치-폴리펩타이드-2,1,0,0,0,1,0
코코-글루코사이드,1,0,0,0,1,0
포도뿌리추출물,1,0,0,0,1,0
합성왁스,1,0,0,0,1,0
글루카민,1,0,0,0,1,0
유채추출물,1,0,0,0,1,0
서양벌노랑이씨추출물,1,0,0,0,1,0
아마씨추출물,1,0,0,0,1,0
히솝추출물,1,0,0,0,1,0
세틸에 틸헥사노에이트,1,0,0,0,1,0
매스틱검,1,0,0,0,1,0
코코넛워터,1,0,0,0,1,0
아이소부틸아미도티아졸릴레조시놀,1,0,0,0,1,0
돌콩싹추출물,1,0,0,0,1,0
소듐코코일이세티오네이트,1,0,0,0,1,0
헬리크리숨스토에카스추출물,1,0,0,0,0,1
곤약뿌리추출물,1,0,0,1,0,0
단삼꽃/잎/뿌리추출물,1,0,0,0,0,1
마운틴페퍼잎추출물,1,0,0,1,0,0
마카다미아씨오일폴리글리세릴-6에스터스베헤네이트,1,0,0,0,1,0
트리펩타이드-32,1,0,0,0,1,0
레몬수,1,0,0,0,1,0
불가리스매자열매추출물,1,0,0,0,1,0
삼나무잎추출물,1,0,0,0,1,0
병풀즙,1,0,0,0,1,0
소이아이소플라본,1,0,0,0,1,0
우유엑소좀,1,0,0,0,1,0
복사나무잎추출물,1,0,0,0,1,0
글루타밀아미도에틸인돌,1,0,0,0,1,0
폴리,1,0,0,0,1,0
도금양열매추출물,1,0,0,0,1,0
효모/쌀발효여과추출물,1,0,0,1,0,0
포타슘소르베이트,1,0,1,0,0,0
식물성아미노산,1,0,0,1,0,0
"	
하이드록시에틸우레아",1,0,0,1,0,0
브이피코폴리머,1,0,0,1,0,0
암모늄아크릴로일다이메틸타우레이트,1,0,0,1,0,0
카프릴릭애씨드,1,0,0,1,0,0
해바라기싹추출물,1,0,0,1,0,0
브루셀스프라우트추출물,1,0,0,1,0,0
락토코쿠스/우유발효용해물,1,0,0,1,0,0
유채싹추출물,1,0,0,1,0,0
카멜그라스추출물,1,0,0,1,0,0
네오펜틸글라이콜다이에틸헥사노에이트,1,0,0,1,0,0
로즈힙씨오일,1,0,1,0,0,0
당아욱잎추출물,1,0,1,0,0,0
콜라나무씨추출물,1,0,0,0,1,0
판테틴,1,0,0,0,1,0
소듐알엔에이,1,0,0,0,1,0
팔리토일트라이펩타이드-5,1,0,0,0,1,0
설탕단풍추출물,1,0,0,0,1,0
황산앵초추출물,1,0,1,0,0,0
박하잎추출물,1,0,1,0,0,0
연꽃잎세포배양가루,1,0,0,0,1,0
연꽃캘러스배양추출물,1,0,0,0,1,0
세이지잎추출물,1,0,1,0,0,0
시계꽃추출물,1,0,1,0,0,0
멘틸피씨에이,1,0,1,0,0,0
스피드웰추출물,1,0,1,0,0,0
다이소듐코코암포다이아세테이트,1,0,0,0,1,0
아프리카스파이더플라워잎추출물,1,0,0,0,1,0
아크릴레이트코폴리머,1,0,0,0,1,0
꽃송이버섯추출물,1,0,0,0,1,0
세테스-24,1,0,0,0,1,0
소듐나프탈렌설포네이트,1,0,0,0,1,0
티아꽃추출물,1,0,1,0,0,0
라우다이모늄하이드록시프로필하이드롤라이즈드밀단백질,1,0,0,0,1,0
살리실로일피토스핑고신,1,0,1,0,0,0
암모늄폴리아크릴로일디메칠타우레이트,1,0,0,0,1,0
홍차추출물,1,0,0,0,1,0
글리세릴이소스테아레이트,1,0,0,0,1,0
살비아수,1,0,0,0,1,0
마룰라씨오일,1,0,0,0,1,0
빌베리씨오일,1,0,0,0,1,0
피이지-6카프릴릭/카프릭글리세라이드,1,0,0,0,1,0
선백리향잎추출물,1,0,1,0,0,0
미리스틸미리스테이트,1,0,0,0,1,0
마운틴페퍼열매추출물,1,0,0,1,0,0
오렌지수,1,0,0,0,1,0
에스에이치-올리고펩타이드-23에스피,1,0,0,1,0,0
소듐스테아로일하이알루로네이트,1,0,0,0,1,0
트라이플루오로아세틸트라이펩타이드-2,1,0,0,0,1,0
효모/쌀겨발효여과추출물,1,0,0,1,0,0
소듐올레오일하이알루로네이트,1,0,0,0,1,0
효모/헥사펩타이드-11발효여과추출물,1,0,0,0,1,0
타임꽃/잎/줄기추출물,1,0,1,0,0,0
오미자수,1,0,0,0,1,0
바실러스/쌀겨추출물/콩추출물발효여과물,1,0,0,1,0,0
디스타치포스페이트,1,0,0,0,1,0
세룰라타벚나무꽃추출물,1,0,1,0,0,0
옐로우체이스트위드추출물,1,0,0,0,1,0
비피다발효추출물,1,0,0,1,0,0
효모/쌀겨발효물,1,0,0,1,0,0
흑효모발효여과물,1,0,0,1,0,0
카바카바뿌리추출물,1,0,0,0,1,0
바실러스/글루타믹애씨드발효여과물,1,0,0,1,0,0
석류과피추출물,1,0,0,0,1,0
효모/콩단백질발효물,1,0,0,1,0,0
확정세포배양액9,1,0,0,0,1,0
소듐설페이티드하이알루로네이트,1,0,0,0,1,0
디소듐이디티에이-카퍼,1,0,1,0,0,0
효모/공작석발효물,1,0,0,1,0,0
소듐하이알루로네이트크로스폴리머 포타슘하이알루로네이트,1,0,1,0,0,0
크산토필,1,0,0,0,1,0
과라나씨추출물,1,0,1,0,0,0
락토코쿠스발효추출물,1,0,0,1,0,0
4-부틸레조시놀,1,0,0,0,1,0
하이드롤라이즈드칼슘하이알루로네이트,1,0,0,0,1,0
에칠멘탄카복사마이드,1,0,1,0,0,0
두충나무껍질추출물,1,0,1,0,0,0
꽃생강뿌리추출물,1,0,0,1,0,0
자주개자리씨추출물,1,0,1,0,0,0
황차추출물,1,0,1,0,0,0
아스퍼질러스/글루코오스/콩/전분발효여과물,1,0,0,1,0,0
헥실니코티네이트,1,0,0,1,0,0
황차카테킨,1,0,1,0,0,0
시팀우드검추출물,1,0,0,1,0,0
죽순껍질추출물,1,0,0,1,0,0
타히보껍질추출물,1,0,0,1,0,0
할미꽃추출물,1,0,0,1,0,0
스위트아몬드열매추출물,1,0,0,1,0,0
콘민트추출물,1,0,0,1,0,0
마그네슘아스파테이트,1,0,0,1,0,0
쑥국화추출물,1,0,0,1,0,0
알루미늄수크로오스옥타설페이트,1,0,0,1,0,0
돌나물추출물,1,0,0,1,0,0
측백나무추출물,1,0,0,1,0,0
목련나무껍질추출물,1,0,0,1,0,0
사프란암술머리추출물,1,0,0,1,0,0
씨홀리추출물,1,0,0,1,0,0
유럽잎갈나무목부추출물,1,0,0,1,0,0
쑥잎수,1,0,0,1,0,0
구주호랑가시나무잎추출물,1,0,0,1,0,0
갈락토아라비난,1,0,0,1,0,0
락토코쿠스/하이알루로닉애씨드발효여과물,1,0,0,1,0,0
다이소듐석시네이트,1,0,0,1,0,0
피피지-10메틸글루코오스에터,1,0,0,1,0,0
레불리닉애씨드,1,0,0,0,1,0
칼슘실리케이트,1,0,0,0,1,0
자몽씨오일,1,0,0,0,0,1
알칸나뿌리추출물,1,0,1,0,0,0
알루미늄다이스테아레이트,1,0,0,0,0,1
옥틸도데카올,1,0,0,0,0,1
아쿠아필루스 돌로미아이발효여과물,1,0,0,0,0,1
사과수,1,0,0,0,0,1
녹두전초추출물,1,0,0,0,0,1
황련추출물,1,0,0,0,0,1
로즈힙열매추출,1,0,0,0,0,1
아이소스테아릴네오펜타노에이트,1,1,0,0,0,0
페닐에틸레조시놀,1,0,0,0,0,1
아이소스테아릭애씨드,1,0,0,0,1,0
하이드로제네이티드올리브오일스테아릴에스터,1,0,0,0,0,1
우스니아추출물,1,0,0,1,0,0
하이알루로닉애씨드/하이드롤라이즈드콜라겐크로스폴리머,1,0,0,1,0,0
카우슬립추출물,1,0,1,0,0,0
말로우추출물,1,0,1,0,0,0
하이드롤라이즈드콩단백질,1,0,0,0,1,0
메칠프로판디올,1,0,1,0,0,0
성모초추출물,1,0,1,0,0,0
카라기난추출물,1,0,1,0,0,0
프로판디올,1,0,1,0,0,0
느릅나무뿌리추출물,1,0,1,0,0,0
프로필렌글라이콜다이벤조에이트,1,0,1,0,0,0
하수오전초추출물,1,0,0,1,0,0
흰목이버섯포자낭과추출물,1,0,0,1,0,0
라벤더꽃/잎/줄기추출물,1,0,1,0,0,0
만주자작나무껍질/잎추출물,1,0,1,0,0,0
구아바잎추출물,1,0,0,1,0,0
메틸실란올만누로네이트,1,0,0,0,0,1
에칠헥실메톡시신나메이트,1,0,0,0,0,1
프로필렌글라이콜다이카프릴레이트,1,0,0,0,0,1
락토바실러스/소이밀크발효여과물,1,0,0,0,0,1
레몬씨오일,1,0,0,0,0,1
석류씨오일,1,0,0,0,0,1
도데실갈레이트,1,0,0,0,0,1
노나펩타이드-29,1,0,0,0,0,1
이소데실네오펜타노에이트,1,0,0,0,0,1
카프릴릭/카프릭글리세라이즈,1,0,0,0,0,1
아미노프로필다이메티콘,1,1,0,0,0,0
마그네슘스테아레이트,1,0,0,0,0,1
고수열매오일,1,0,0,0,0,1
바닐라열매오일,1,0,0,0,0,1
하이드롤라이즈드효모추출물,1,0,0,0,0,1
바바수씨오일,1,0,0,0,0,1
가시칠엽수씨추출물,1,0,0,0,0,1
금송뿌리추출물,1,0,0,0,0,1
인돌아세틱애씨드,1,0,0,0,0,1
하이드롤라이즈드호밀피토플라센타추출물,1,0,0,0,0,1
황해쑥잎오일,1,0,0,0,0,1
벤토나이트,1,0,0,0,0,1
허니로커스트씨추출물,1,0,0,0,0,1
옥틸도데실미리스테이트,1,0,0,0,0,1
양까막까치밥나무씨오일,1,0,0,0,0,1
메발로노락톤,1,0,0,0,0,1
하이드로제네이티드캐스터오일,1,0,0,0,0,1
수크로오스트라이스테아레이트,1,0,0,0,0,1
하이 알루로닉애씨드,1,0,0,0,0,1
작약뿌리추 출물,1,0,0,0,0,1
글라이콜스테아레이트,1,0,0,0,1,0
카렌둘라꽃추출물,1,0,1,0,0,0
소듐헥사메타포스페이트,1,0,0,0,1,0
쿠티박테리움 아비둠발효추출여과물,1,0,1,0,0,0
효모/칼슘발효물,1,0,0,1,0,0
레몬유칼립투스오일,1,0,1,0,0,0
제충국꽃추출물,1,0,1,0,0,0
락토바실러스/조류추출발효물,1,0,0,1,0,0
클로렐라발효물,1,0,0,1,0,0
애기부들이삭추출물,1,0,0,0,1,0
꼬리풀추출물,1,0,1,0,0,0
방풍뿌리추출물,1,0,0,0,1,0
포타슘아스파테이트,1,0,0,0,1,0
올리고펩타이드-4,1,0,0,0,1,0
락토바실러스발효용해여과물,1,0,0,1,0,0
약모밀소포,1,0,0,1,0,0
스타이렌/아크릴레이트코폴리머,1,0,0,0,1,0
라우릴하이드록시설테인,1,0,0,0,1,0
세테아릴아이소노나노에이트,1,0,0,0,1,0
당아욱추출물,1,0,1,0,0,0
폴리쿼터늄-22,1,0,0,0,1,0
당호박씨오일,1,0,0,0,1,0
채찍산호추출물,1,0,0,0,1,0
회화나무꽃추출물,1,0,0,0,1,0
눈빛승마추출물,1,0,0,0,1,0
꽃박하잎추출물,1,0,1,0,0,0
맨드라미꽃추출물,1,0,0,0,1,0
에르고티오네인,1,0,0,0,1,0
스트로브잣나무껍질추출물,1,0,0,0,1,0
말로우잎추출물,1,0,1,0,0,0
폴리하이드록시스테아릭애씨드,1,0,0,0,1,0
효모/슈가캘프발효물,1,0,0,1,0,0
락토바실러스/여바산타발효추출물,1,0,0,1,0,0
락토바실러스/히비스커스꽃발효여과물,1,0,0,1,0,0
망가니즈피씨에이,1,0,1,0,0,0
만주자작나무수액,1,0,0,1,0,0
비누풀잎추출물,1,0,0,0,1,0
무환자추출물,1,0,0,0,1,0
스타이렌/브이피코폴리머,1,0,0,1,0,0
아이소쿼시트린,1,0,0,1,0,0
동아씨추출물,1,0,0,0,1,0
에틸헥실펠라고네이트,1,0,0,0,1,0
명일엽잎/줄기추출물,1,0,1,0,0,0
이소헥사데칸,1,0,1,0,0,0
서양민들레뿌리줄기/뿌리추출물,1,0,1,0,0,0
락토코쿠스/녹두추출물발효여과물,1,0,0,1,0,0
비오틴/폴릭애씨드/시아노코바라민/니아신아마이드/판토테닉애씨드/피리독신/리보플라빈/티아민/효모폴리펩테이드,1,0,0,0,1,0
락토바실러스/아세로라체리발효물,1,0,0,1,0,0
시로미열매즙,1,0,0,0,1,0
락토바실러스/우유발효여과물,1,0,0,1,0,0
비타민나무추출물,1,0,0,0,1,0
뽕나무열매추출물,1,0,0,0,1,0
초피나무열매오일,1,0,0,0,1,0
디포타슘글리시리제이트,1,0,1,0,0,0
밤보늬추출물,1,0,0,0,1,0
옥수수잎추출물,1,0,0,0,1,0
베르가못잎추출물,1,0,0,0,1,0
아이슬란드이끼추출물,1,0,0,0,1,0
수국잎추출물,1,0,0,0,1,0
치자나무꽃추출물,1,0,0,0,1,0
메틸글루코오스세스퀴스테아레이트,1,0,0,0,1,0
당호박씨추출물,1,0,1,0,0,0
